{"type":"FeatureCollection", "features": [
{"type":"Feature","geometry":{"type":"Polygon","coordinates":[[[5.9883311377,49.7522033352],[5.98902972,49.7524849332],[5.989063359,49.7533632677],[5.9896856964,49.7540168729],[5.9879544686,49.7543504626],[5.9879649513,49.7546276017],[5.989743329,49.7549482714],[5.9908260032,49.755730828],[5.9929802149,49.7568776337],[5.993551719,49.7577405814],[5.9935910591,49.7581849196],[5.9961644644,49.7598412967],[5.9954580643,49.7605408756],[5.9965032287,49.7609841728],[5.9998132734,49.7618907048],[5.9986125366,49.7643789839],[5.9981142683,49.7644358077],[5.9975617615,49.7655250495],[5.9968330541,49.7681951627],[5.9973140218,49.7685284641],[5.9968555061,49.7688865042],[5.9971756173,49.7691262185],[5.9960154482,49.7703179434],[5.9966623955,49.7702575535],[5.9971108967,49.7703733485],[5.997421713,49.7706343834],[5.9975341575,49.7712859913],[5.9980135763,49.7718351195],[5.9987575584,49.771611983],[5.9990616252,49.7716700015],[5.9996689953,49.7720041775],[6.0000116531,49.7724470445],[6.0020655105,49.7728120926],[6.0028268554,49.773065177],[6.0030875315,49.7733845114],[6.0013895467,49.7737846818],[6.0015825824,49.7744659083],[6.0000061991,49.7744438917],[5.9999516358,49.7751266154],[5.9987420454,49.7750500331],[6.0008220812,49.7767029038],[6.0002977616,49.7784229514],[5.9990292213,49.7796658317],[5.9992766756,49.7797683434],[5.9982518836,49.7806898252],[5.9990665521,49.7810953957],[5.9976920079,49.7818728093],[5.9990052533,49.7827109246],[5.9985104867,49.7835726687],[6.0018235798,49.7854087494],[6.0014352213,49.7859441141],[6.0031376501,49.7865987876],[6.0053556815,49.7871229017],[6.006443315,49.7873915123],[6.0076768265,49.7872963959],[6.0098758679,49.786779999],[6.0109655796,49.7867359803],[6.0127377496,49.7869890717],[6.0136095648,49.7869689315],[6.0132812176,49.7871622461],[6.0131160587,49.7875976274],[6.0132600562,49.7879810486],[6.0135647557,49.7879822711],[6.0135014857,49.788996602],[6.0126065745,49.7902405462],[6.0145369541,49.7909512059],[6.0145321225,49.7914367615],[6.0153354158,49.7926631536],[6.0155897488,49.7936239652],[6.0152233982,49.795439934],[6.0190833411,49.7962879376],[6.0207000288,49.7968199684],[6.0197184803,49.7978966019],[6.0195024135,49.7984674168],[6.0255688675,49.799999347],[6.0259743148,49.7998968982],[6.0265008516,49.8004281613],[6.0287964096,49.8007637348],[6.0291352246,49.8012570545],[6.029842083,49.8015826118],[6.0350641914,49.8034396633],[6.0385692561,49.8037699604],[6.0369008349,49.8047670982],[6.0306021779,49.8076994528],[6.0299442811,49.8081985401],[6.0305921825,49.8088667389],[6.0283456562,49.8096393275],[6.0279175245,49.8103628522],[6.0288718812,49.8115690447],[6.0285969226,49.8126997179],[6.0297752725,49.8139115375],[6.0315970272,49.8168977096],[6.0322604274,49.8197370573],[6.0364761625,49.822027148],[6.0407657509,49.8228208566],[6.0411567898,49.8241530527],[6.0407749725,49.8254624874],[6.0403488658,49.8260879431],[6.0415537496,49.8264750631],[6.0438276124,49.8267459582],[6.0450298514,49.8267218601],[6.0490017834,49.8243849259],[6.0514754497,49.8253183701],[6.0501417587,49.8266234645],[6.0511320013,49.8268635942],[6.0529099993,49.8276894455],[6.056564074,49.8288680259],[6.0572276642,49.8293608603],[6.0591986004,49.8301769978],[6.0618430317,49.8305558168],[6.0642514791,49.8341648796],[6.0645739363,49.8344381038],[6.0653215642,49.8341737459],[6.0643963292,49.832834688],[6.0642345927,49.8328808823],[6.0638953958,49.8320414555],[6.0639395225,49.830927022],[6.0643696952,49.8303581788],[6.0724965955,49.8300031226],[6.0724040278,49.8297551744],[6.0740763069,49.8293138031],[6.0745655961,49.829552187],[6.0750458053,49.8294515238],[6.0750614309,49.8291936122],[6.0747439605,49.8289965897],[6.0748728945,49.828851781],[6.0744666194,49.8287331306],[6.07352901,49.8277658264],[6.073793176,49.8264431803],[6.0727767816,49.8254484566],[6.0770573594,49.8247375207],[6.0812801998,49.8233880463],[6.0835681451,49.8229510203],[6.0847428881,49.8225131443],[6.0911681004,49.8228296131],[6.0912896108,49.8226359708],[6.0926838679,49.8222806743],[6.0941993538,49.8214712467],[6.0950604356,49.8206428909],[6.096247217,49.8189242291],[6.0965394843,49.8181222235],[6.0947989873,49.8172398739],[6.0945012167,49.8169418263],[6.0946551429,49.81636776],[6.0957573228,49.8154265721],[6.0964695955,49.8150022083],[6.0972765636,49.8147969193],[6.0984410752,49.8149890278],[6.1010028205,49.8145979683],[6.101777319,49.8146609564],[6.1027249711,49.815017087],[6.1037310326,49.8150040575],[6.1051507282,49.8145489269],[6.1061284321,49.8138427337],[6.1080070188,49.8128635262],[6.1081048298,49.8115303922],[6.1092779156,49.810352638],[6.1110953134,49.8108518322],[6.1121457772,49.8108961027],[6.1132855704,49.8114838744],[6.1160379498,49.8124873772],[6.1174808517,49.8133894473],[6.1197360051,49.8140849233],[6.1229325536,49.8155144124],[6.123989343,49.8157892339],[6.1256604694,49.8167355387],[6.1257756953,49.8166765381],[6.1262407422,49.8170757547],[6.1278315228,49.8175693909],[6.1282643184,49.8181046083],[6.1291543702,49.8183202936],[6.1300828793,49.8189530888],[6.1307287566,49.8190518677],[6.1316876891,49.8194966376],[6.1328998438,49.8204023636],[6.1366197724,49.8223596763],[6.1390430988,49.8238728717],[6.1420797047,49.8251441489],[6.1432568039,49.8254453607],[6.1457161816,49.826738125],[6.146411185,49.8259605594],[6.1479107738,49.8263961108],[6.1491330506,49.8256570057],[6.1494755581,49.8251554245],[6.1507725692,49.8228736316],[6.1504430825,49.8216933163],[6.1511657043,49.820994358],[6.1505250965,49.8200447266],[6.1506824334,49.8193303682],[6.1504964595,49.8192711829],[6.1508435029,49.8187003336],[6.1516604537,49.8183410349],[6.1525249345,49.8186502651],[6.1526506727,49.8184269526],[6.1554754261,49.8193472259],[6.1600009974,49.821055599],[6.1615502271,49.8218053542],[6.1626449603,49.822691397],[6.1641452273,49.8221192263],[6.1668619536,49.8224383723],[6.1686849614,49.8217891922],[6.1709931586,49.82125709],[6.1749985474,49.8208828244],[6.178424047,49.821890344],[6.1818627988,49.8225932017],[6.1855255255,49.8230296814],[6.1891371102,49.8222719414],[6.1876936963,49.8180122447],[6.1883312453,49.81769903],[6.1900422245,49.8160756365],[6.1910808064,49.8142425422],[6.1916430984,49.8120990101],[6.190940571,49.8103477073],[6.1912350589,49.8096351615],[6.190965933,49.8089706971],[6.1901786475,49.8089482262],[6.1886547382,49.8064018955],[6.1903075342,49.8043126706],[6.191452214,49.8045879928],[6.1921242164,49.8045896035],[6.1919049423,49.8040770907],[6.1907150471,49.8033246458],[6.1911871085,49.802731109],[6.1935214245,49.8034624636],[6.1952623516,49.8022373692],[6.1967319832,49.8017956956],[6.1980343194,49.8016631214],[6.198248437,49.8006524373],[6.1979000228,49.7997264426],[6.201484473,49.7991289947],[6.2026092227,49.7987256753],[6.2024993606,49.7985243259],[6.2045498896,49.7981759949],[6.2053351754,49.7978645259],[6.2054444426,49.7979852351],[6.2081672802,49.7961248105],[6.2082253089,49.7950888712],[6.2081251232,49.7949169682],[6.2076298416,49.7949560897],[6.2075770736,49.794566154],[6.2080817392,49.7940475636],[6.2086454749,49.7940008994],[6.2094310008,49.7936740642],[6.2113603499,49.7921948221],[6.2154771552,49.7906965588],[6.21748103,49.7902279648],[6.2172445341,49.7898298411],[6.2180764881,49.7893472077],[6.2184902593,49.7904030664],[6.2190872569,49.7910569835],[6.2191512508,49.7915242384],[6.2212160851,49.7912502106],[6.2217311458,49.7934348125],[6.2223376271,49.7939298781],[6.2245169979,49.7948547476],[6.224374275,49.7950769606],[6.2253757143,49.795171701],[6.2263047399,49.7954709005],[6.2284206029,49.7956145798],[6.229616917,49.7959961729],[6.2316124112,49.7965505813],[6.2324425492,49.7961428199],[6.2322216371,49.795443125],[6.2324920446,49.7946096328],[6.2335270365,49.7937520862],[6.2338439463,49.7938664192],[6.2355777061,49.7918412575],[6.2376939353,49.786154113],[6.2409481707,49.7870666248],[6.2420354376,49.7863427229],[6.243654705,49.7878966211],[6.243547209,49.7879680963],[6.2450735148,49.7890416792],[6.2467970639,49.7877776623],[6.2464844414,49.7876128428],[6.2485742648,49.7853785475],[6.2514163359,49.7860635078],[6.2516433628,49.7857286628],[6.2519790921,49.7858029598],[6.2505609868,49.7880543402],[6.2512157284,49.7883318697],[6.245271037,49.7922950272],[6.2443350354,49.7930780261],[6.2446336429,49.7957856234],[6.2448945506,49.7964213798],[6.2543882275,49.7999406127],[6.2542002258,49.8003758592],[6.2557627337,49.8011536666],[6.2569240429,49.8021340908],[6.2584855709,49.8028397925],[6.2545454845,49.8084927174],[6.2527495025,49.8102829346],[6.2543812736,49.8106665833],[6.2544694171,49.8105146463],[6.2577072816,49.8101334127],[6.2575810159,49.810369382],[6.2637100466,49.8113230915],[6.2635455211,49.8117083624],[6.2629960999,49.8116656715],[6.2623986051,49.8123440076],[6.2638730575,49.8128854023],[6.2644973304,49.813498782],[6.2644830472,49.8139978489],[6.2636328639,49.8151672043],[6.2644702788,49.8152876092],[6.2666228098,49.8151170638],[6.2674884543,49.8155146773],[6.2675198606,49.8157722961],[6.2684964685,49.8162536801],[6.2690169611,49.8167597141],[6.2687574099,49.8168428448],[6.2688603228,49.8173168961],[6.2685890316,49.8184797543],[6.2692101218,49.819116118],[6.2692626592,49.8194719318],[6.2698159727,49.8199243576],[6.269738751,49.8207190487],[6.2704287614,49.8212734756],[6.270191809,49.8213160684],[6.2697544579,49.8210498197],[6.2657778068,49.8211332145],[6.2601909059,49.8223011877],[6.2556911509,49.8234816965],[6.254675073,49.8301312436],[6.2714555522,49.8410856837],[6.268422372,49.8412282389],[6.2663201708,49.8418219811],[6.2627790314,49.845028202],[6.2669692862,49.847265336],[6.2667849648,49.8474212302],[6.2686778515,49.8485363333],[6.2694987509,49.8492090731],[6.2769141602,49.8483241964],[6.2791091034,49.8478586405],[6.2860819156,49.8470435146],[6.2870882326,49.8471434881],[6.289526166,49.8477121345],[6.2920876328,49.8476525649],[6.2933345302,49.8474763293],[6.2960689276,49.8481066225],[6.2970251278,49.848489231],[6.2982010664,49.8485408092],[6.2997616854,49.8482998845],[6.3026982167,49.8468072452],[6.3049471972,49.8462699129],[6.3053773186,49.8463689274],[6.3056335265,49.8467516858],[6.3067329286,49.8475016343],[6.3083629024,49.8477556606],[6.3103966386,49.8477939481],[6.3104456329,49.8501079325],[6.3096634038,49.8525631133],[6.3097537678,49.8539178895],[6.3092183385,49.8549265394],[6.3074511818,49.8572508331],[6.3141331751,49.8598819965],[6.3135829376,49.8608879602],[6.3134097282,49.8621127991],[6.3143105073,49.8648885985],[6.3140115915,49.8662190568],[6.3136792651,49.8670811457],[6.3129304077,49.8680608064],[6.3117351191,49.869128507],[6.3106216705,49.8698024763],[6.3093829217,49.8698819594],[6.3073869425,49.8695502001],[6.3052909227,49.8687112848],[6.3009690595,49.8665337744],[6.2998229209,49.8662234766],[6.2982245934,49.8660655306],[6.297127921,49.8661407573],[6.2958541261,49.8666718142],[6.2945523046,49.8676107104],[6.2929835107,49.8691204703],[6.2915453989,49.871381053],[6.2913916442,49.8727210953],[6.2917788652,49.8739948358],[6.2914834998,49.8744725532],[6.2896150381,49.8750827542],[6.2881932935,49.8750961139],[6.2871418934,49.8748964463],[6.286549169,49.8750190781],[6.2854003663,49.8757991546],[6.2829225094,49.878470015],[6.2812653456,49.8787852215],[6.2800900101,49.8786431516],[6.2796343877,49.8785019296],[6.278437394,49.8775932727],[6.2766117165,49.8768035413],[6.2758651114,49.8766334042],[6.2730448014,49.87706267],[6.2702645,49.8786577935],[6.2673061447,49.8794363982],[6.2665861194,49.8795239205],[6.2653321516,49.8800577703],[6.2616616945,49.8809771381],[6.2614419533,49.8815599604],[6.2608566062,49.8821556019],[6.2589091389,49.8832348678],[6.2579823392,49.8857739328],[6.2563536982,49.887437409],[6.2548967719,49.8882683943],[6.2503851806,49.8903644072],[6.2501721286,49.8912596244],[6.2495422256,49.892450262],[6.2480074544,49.8935455377],[6.2473053662,49.8942674542],[6.2470099326,49.8949350989],[6.2465346515,49.8952656032],[6.2459578571,49.895490014],[6.2422968376,49.8956971032],[6.2400814441,49.8961613323],[6.2384755445,49.8968816915],[6.2367725903,49.8983109648],[6.235389025,49.8991455522],[6.2335929798,49.9001410119],[6.2333891097,49.9004567146],[6.23299536,49.9025182913],[6.2320696076,49.9048225496],[6.2320738597,49.9064780563],[6.2307013621,49.9079132472],[6.2273631637,49.9100609594],[6.2269348957,49.9105858053],[6.2269670409,49.9112389329],[6.2272383312,49.9115226059],[6.2284257733,49.9115037435],[6.2302519528,49.9111021651],[6.231329382,49.9111439649],[6.2338200443,49.9126810568],[6.2339753859,49.9137962066],[6.2337211474,49.9144995917],[6.2310145818,49.9193060972],[6.2292140768,49.9210175286],[6.2258086472,49.9211519991],[6.2225871933,49.9216420725],[6.2186656776,49.9225358813],[6.2179928981,49.9230498777],[6.2177984363,49.923842782],[6.2185588717,49.9252515936],[6.2198519847,49.9259808275],[6.2226730644,49.9270272667],[6.2235746739,49.9278491577],[6.223860981,49.9277880177],[6.224422418,49.9276490366],[6.2258275011,49.9286630664],[6.2261856743,49.9293097156],[6.2246175992,49.9319615314],[6.2240571505,49.9319407696],[6.2240264231,49.9320693039],[6.2244533482,49.9327989067],[6.2249089051,49.9327315669],[6.2252235606,49.9333590546],[6.2237863538,49.9336243638],[6.2235230102,49.9339981729],[6.2236035052,49.9342975892],[6.2252403988,49.9354575627],[6.2273313467,49.9366189506],[6.2253043269,49.9387544517],[6.2246173375,49.9386476271],[6.2244093836,49.9387714749],[6.224562582,49.9393664527],[6.2238798856,49.940039843],[6.2231373389,49.9404250052],[6.2228732148,49.9410042454],[6.2213332376,49.9415434052],[6.220776677,49.9424270865],[6.2197981107,49.9428202295],[6.21999936,49.9433292601],[6.2182277649,49.9438177593],[6.2165389493,49.9445027821],[6.2168910616,49.9453858295],[6.2185043428,49.9454932919],[6.21862095,49.9459875547],[6.2201698679,49.9471690786],[6.2235452188,49.9490101133],[6.2239085251,49.9500812139],[6.211736076,49.9502277376],[6.2088388456,49.9530094663],[6.2085106783,49.9538194807],[6.2084891103,49.9546048503],[6.2055988017,49.9551945562],[6.2044896273,49.9550044189],[6.2007815186,49.9529284212],[6.2004741391,49.9521905543],[6.199602348,49.9512530951],[6.1995864679,49.9494924509],[6.1984811213,49.948691685],[6.1984547526,49.9485074234],[6.1978929767,49.9484585033],[6.1967877675,49.9485258413],[6.1967628799,49.9500232017],[6.1961658775,49.9514830898],[6.1934634765,49.9549966762],[6.1928288142,49.9555648804],[6.1921700154,49.9568341354],[6.1921409369,49.9574364665],[6.1927782343,49.9585990638],[6.1932191123,49.9604993053],[6.1927934069,49.9621700509],[6.1917638359,49.9637242097],[6.19168219,49.9648486264],[6.1920454926,49.9662421043],[6.1918541531,49.9673361113],[6.1914175979,49.9679318471],[6.1899023074,49.968201399],[6.1878556492,49.9679571153],[6.1860653672,49.9674641414],[6.1854366858,49.9670759805],[6.1848294583,49.9661720581],[6.1832153897,49.9650005851],[6.1823875938,49.9635840894],[6.1825303467,49.9626429773],[6.1840153127,49.9611602642],[6.1847268366,49.9594193104],[6.1862975533,49.9577011391],[6.1870175956,49.9573823157],[6.1886503082,49.9571885778],[6.1890000388,49.9569301448],[6.1890499837,49.956377393],[6.1887536038,49.9559227828],[6.1864711382,49.9543220367],[6.1840328551,49.9531875764],[6.1810580686,49.9523085311],[6.1797242847,49.9521535611],[6.1788673277,49.9525253252],[6.1788534747,49.9528036175],[6.1777736493,49.9534281805],[6.1769858434,49.9543041096],[6.17632904,49.9577772231],[6.1755850041,49.9616122118],[6.1743836473,49.9619544328],[6.1720126732,49.9622234056],[6.1707298854,49.9625820716],[6.1700330776,49.9629933138],[6.1679018974,49.9660310924],[6.166910215,49.9682362161],[6.1655290786,49.969247467],[6.1648976271,49.9699966565],[6.1645679185,49.9724310261],[6.1647296146,49.9738822116],[6.1651196663,49.9750406185],[6.1662186433,49.976845426],[6.1666205541,49.9775917422],[6.1667663238,49.9790851964],[6.1672580338,49.9799779554],[6.1684829647,49.980739725],[6.1687594647,49.9811462236],[6.1686105497,49.9821962527],[6.1689525196,49.9837518333],[6.1694367445,49.9843006271],[6.1699902629,49.9845711369],[6.1712905873,49.9842791527],[6.1714700827,49.9840169137],[6.1724277478,49.9839873232],[6.1726141123,49.9842455194],[6.1724699945,49.9846187452],[6.1710346202,49.9853598454],[6.1695473524,49.9856721399],[6.1688774437,49.9855817078],[6.1663210022,49.986404492],[6.1645044789,49.9868148402],[6.1615909064,49.9870982392],[6.1593939261,49.9868761296],[6.1570717168,49.9872098447],[6.1533904967,49.9895798761],[6.1524564741,49.9909196824],[6.1514683131,49.9929605542],[6.1507809053,49.9941374644],[6.150094012,49.9943599944],[6.1468864327,49.9948673805],[6.1428017082,49.9945819119],[6.1416435185,49.9948500978],[6.1396625722,49.9962804753],[6.1376956338,49.9984217558],[6.1377787729,49.9988111959],[6.1383423261,49.9994712863],[6.1393142936,50.0001172771],[6.1398084433,50.0001517561],[6.1418240422,49.9992925893],[6.1435725246,49.998169573],[6.1448462116,49.998077647],[6.1455134449,49.9987580769],[6.1458484692,49.9998089543],[6.1464296401,50.0007488255],[6.1463371179,50.0025005145],[6.1476096063,50.0042178734],[6.1493254203,50.0064095568],[6.1496709519,50.0087078296],[6.148202753,50.01013465],[6.1475495677,50.0103089095],[6.1458208254,50.010115751],[6.1398719951,50.0104937877],[6.1387084115,50.0108104814],[6.1377585202,50.0113211852],[6.1359421721,50.0135951485],[6.1343546528,50.0148859427],[6.1295233035,50.0181621101],[6.1296060399,50.0186330972],[6.1301155451,50.0191133196],[6.1313550499,50.0194203705],[6.1318170486,50.0193589733],[6.1331344007,50.0187419995],[6.1351855197,50.0163623396],[6.1363397874,50.0158488979],[6.1373024276,50.0158037127],[6.1382018583,50.0162516164],[6.1394981371,50.0175854563],[6.1409095622,50.0180457768],[6.144180917,50.0204069189],[6.1453983545,50.0216466911],[6.1458929101,50.0226284222],[6.1432311033,50.0244498432],[6.1399883,50.024991264],[6.1376252572,50.0259337286],[6.1370022079,50.0264069011],[6.1343698104,50.0272387733],[6.1308050163,50.0288255851],[6.1300145851,50.0292603953],[6.1296591472,50.0297990813],[6.1294815269,50.0312567902],[6.1295588126,50.0318189006],[6.1302548247,50.032991429],[6.1320644969,50.0348477232],[6.1324203242,50.0369329412],[6.134280832,50.0392339665],[6.1344120719,50.0398741422],[6.1341550392,50.0405456829],[6.1331892695,50.0422011795],[6.1322420714,50.0433366638],[6.1298211686,50.0452701593],[6.1274640658,50.0476148157],[6.1252425829,50.0508269118],[6.1243361329,50.0513680221],[6.1219184183,50.0522775976],[6.1214994574,50.0527381778],[6.1210275418,50.0543464922],[6.1219648973,50.0554290068],[6.1224551415,50.0557404682],[6.1240162669,50.0583473218],[6.1241074586,50.0593729783],[6.1238841457,50.0597911868],[6.12326837,50.0601433211],[6.1219479878,50.060385372],[6.120715547,50.0601204891],[6.1203305097,50.0595658485],[6.1205957569,50.0589501737],[6.1206982854,50.0574493198],[6.1203678196,50.0567597205],[6.1196363932,50.0563892472],[6.1179531897,50.0562962686],[6.1167295101,50.0566389747],[6.1138680776,50.0576322922],[6.1134718657,50.057969021],[6.1124121629,50.0593827809],[6.1123525039,50.0604977657],[6.1139235044,50.0634041614],[6.1135127815,50.065274915],[6.1137191205,50.0655800958],[6.1147638897,50.0659119007],[6.1156621004,50.0658434195],[6.1175809555,50.0647776566],[6.1183808999,50.0645449406],[6.1193697609,50.0645917603],[6.1204993432,50.0648612009],[6.1208744368,50.0652872304],[6.1209263073,50.0671465329],[6.1213062876,50.0690310569],[6.126063375,50.071075604],[6.1269806658,50.071988556],[6.1277481973,50.072296341],[6.1292150065,50.073375619],[6.1285545111,50.074607914],[6.1270974983,50.075371665],[6.1248564361,50.0769641522],[6.1234436332,50.0762717816],[6.1223666168,50.0746665255],[6.1219175349,50.0730888181],[6.1214592972,50.0726497599],[6.1207587911,50.0723741993],[6.1190972909,50.0723381458],[6.1176689286,50.0729141096],[6.1169493108,50.0733928562],[6.1157655945,50.0745907776],[6.1165640127,50.0751877504],[6.1177700781,50.0756028929],[6.1180967592,50.0766413273],[6.1205394703,50.0788908111],[6.121871403,50.0814053865],[6.1220438754,50.0834611407],[6.1203065146,50.0848138816],[6.1195110771,50.0858907885],[6.1196918244,50.087094775],[6.1193623679,50.0877276077],[6.1192905534,50.0896116028],[6.1199377751,50.0917554499],[6.1199909209,50.0920100574],[6.1210877022,50.0930736941],[6.1219388457,50.0935792182],[6.1226035683,50.0937515488],[6.1237201725,50.093727537],[6.1247427668,50.0932921044],[6.1275975601,50.0929081872],[6.1292720863,50.0924349874],[6.1306540842,50.0924171896],[6.131696068,50.09256783],[6.1328898506,50.0932272372],[6.1330619111,50.0936356789],[6.1329241939,50.0942743504],[6.1323912448,50.0949045518],[6.1296554921,50.0949196207],[6.1286109782,50.0951490777],[6.1283820262,50.0953320517],[6.1273390191,50.0964220529],[6.1260863605,50.0981718091],[6.1254249768,50.099651573],[6.1253625971,50.1008088907],[6.1255650922,50.101489794],[6.1258193855,50.1017741561],[6.1268041902,50.1021788119],[6.1299582597,50.102911474],[6.131122602,50.1028807625],[6.1321392217,50.1026095241],[6.1336576357,50.1026551039],[6.135417217,50.1032765095],[6.1355621856,50.1036706539],[6.1347389826,50.1047985746],[6.1321598244,50.1057315137],[6.1313669109,50.1061839116],[6.1310247223,50.1064726165],[6.1306488763,50.1083304547],[6.1320102193,50.1098424465],[6.1337264028,50.111318528],[6.1345846738,50.1124784476],[6.1348637152,50.1133809187],[6.1344000354,50.113664367],[6.1317336201,50.113662504],[6.1298091882,50.1140572267],[6.1289461395,50.11465092],[6.1279026276,50.1162359774],[6.1286641044,50.1180764568],[6.1293512525,50.1213350843],[6.1302982807,50.1220742311],[6.1326799561,50.1229402168],[6.1350840717,50.1233338776],[6.1360589642,50.1238256915],[6.1365364866,50.1243605197],[6.137150567,50.1257537564],[6.1373364061,50.1274567541],[6.137819627,50.1282911135],[6.137701894,50.1298722066],[6.1372605456,50.1298881411],[6.1368173547,50.1301405963],[6.1364995825,50.1298241569],[6.1361000586,50.1300865011],[6.1355058179,50.1301873452],[6.1348083327,50.1299783555],[6.1347687762,50.1296763639],[6.1334521028,50.1294854235],[6.1328839545,50.1296926516],[6.1320113955,50.1296118383],[6.1308338482,50.1298062568],[6.1305208513,50.13034076],[6.1296441848,50.1308876675],[6.1286344778,50.1322528651],[6.1276640958,50.132756987],[6.1265258637,50.1339946231],[6.1247415155,50.1347240591],[6.1239196862,50.1346971267],[6.1222762324,50.1355624906],[6.1223133725,50.1357521169],[6.1214943886,50.1358340306],[6.1206911088,50.1363059568],[6.119995582,50.1362993649],[6.1197773753,50.1360918905],[6.1191537532,50.1360783107],[6.1187658288,50.136204965],[6.1182402967,50.1361381812],[6.1179073433,50.1363019943],[6.1160864916,50.1363516598],[6.1159473819,50.136553392],[6.1156316705,50.1363731879],[6.1137117341,50.1363541052],[6.1122792088,50.1360232899],[6.1120628758,50.1361627869],[6.1121428668,50.1379924163],[6.1127190297,50.1384189304],[6.1135098247,50.1394923573],[6.1140428472,50.1419022838],[6.114700932,50.1428964557],[6.1150680485,50.1441859732],[6.1155317117,50.1445055652],[6.1170043248,50.1445317073],[6.1171130914,50.1461687917],[6.117436838,50.1469644886],[6.118883219,50.147899564],[6.1212427579,50.14894223],[6.1227768199,50.1494957219],[6.124927142,50.1497582733],[6.1256811586,50.1501128116],[6.1250893753,50.1503738435],[6.1249515585,50.1502959566],[6.124118095,50.1512411722],[6.1236379567,50.1513953001],[6.1234960181,50.1512030372],[6.1228473867,50.1514362926],[6.1221926199,50.1514617525],[6.121793317,50.1518528037],[6.1214933631,50.1518053079],[6.1214815943,50.1520124184],[6.120442692,50.151973428],[6.1203361182,50.1522285526],[6.1199317298,50.1524057105],[6.1201011385,50.1524693937],[6.1199494241,50.1526101179],[6.1192946541,50.1526491006],[6.1194120377,50.1531784173],[6.1191740911,50.1532148731],[6.1191676359,50.15337325],[6.118597004,50.1534542296],[6.1184543818,50.1539617898],[6.1176184158,50.1547599952],[6.1167373749,50.155056812],[6.1158292961,50.1551509273],[6.1152331602,50.1550607245],[6.1149763957,50.1558540441],[6.1153666707,50.1564790524],[6.1167948076,50.1577650565],[6.1174668495,50.1588164922],[6.1204029033,50.1618285925],[6.1197815128,50.1633508835],[6.1024497916,50.1705494711],[6.1012383162,50.1705147976],[6.1010514789,50.1706475205],[6.1007271946,50.1705523546],[6.1000069873,50.1707346645],[6.0989277892,50.1702248702],[6.0982058145,50.1700973231],[6.0974309687,50.1696484056],[6.0959467795,50.1695625297],[6.0951139061,50.1693078018],[6.0944671279,50.1694232274],[6.0939907105,50.169287249],[6.0933688881,50.1695469398],[6.0931635856,50.1693982832],[6.0925625493,50.1693843324],[6.0924996258,50.1698377451],[6.0919164155,50.1697888128],[6.0910235115,50.1702652468],[6.0904092026,50.1702119982],[6.0895520084,50.170577767],[6.0887930744,50.1706372393],[6.0870354289,50.1712730258],[6.0866670914,50.1716183964],[6.0850709491,50.1720064523],[6.0833501691,50.1718524175],[6.0792041295,50.1707894861],[6.0799053288,50.169483228],[6.0789291766,50.1680557294],[6.0802407508,50.1640242025],[6.0805111724,50.1625219545],[6.0802292158,50.1611878134],[6.0790728448,50.1599772369],[6.0786012298,50.1585365217],[6.0785193183,50.1571782366],[6.0787926836,50.1565007585],[6.0773610329,50.156936698],[6.0768251719,50.1568106359],[6.0756921146,50.1568870099],[6.0754065521,50.1570920027],[6.0748245607,50.1570736958],[6.0741895908,50.1574736102],[6.0720104808,50.1573897105],[6.0710208291,50.1568276131],[6.0707519948,50.1568459548],[6.0707668251,50.1566524541],[6.0702758679,50.1566613233],[6.0688391393,50.1552969026],[6.0657697205,50.1540146038],[6.0645262928,50.1537857096],[6.0646254806,50.1536308339],[6.0641982641,50.1534426514],[6.0634565827,50.1533413015],[6.0633527489,50.1535918542],[6.0626258087,50.1538590006],[6.0614501275,50.1536408507],[6.0570192503,50.1543451197],[6.0553727473,50.1551411884],[6.0502912506,50.1568191497],[6.0457242542,50.1576867229],[6.0456536485,50.1575906163],[6.045169783,50.1576994651],[6.04314433,50.1586282941],[6.0400462363,50.1594033735],[6.0372424455,50.1605583987],[6.0352174801,50.1619066508],[6.0335921018,50.1622714464],[6.0313927039,50.1639167256],[6.029410096,50.165983624],[6.0292470808,50.1663739621],[6.029576935,50.1673652733],[6.0293483086,50.1689157015],[6.0295620239,50.1707389021],[6.0291487314,50.1728591023],[6.028114148,50.1752189268],[6.0273731109,50.1764621173],[6.0264465328,50.1774896479],[6.0247808824,50.1827988706],[6.0222057813,50.1824336799],[6.0201850914,50.1817032824],[6.0179741886,50.1813219343],[6.0175724583,50.1811698981],[6.0170208709,50.1805756678],[6.0148698784,50.1798432559],[6.0132122949,50.178983395],[6.011505513,50.1784962466],[6.0095132221,50.1782545478],[6.0030103412,50.1763340489],[5.9997365886,50.1758536447],[5.9892958674,50.1752017118],[5.9710650211,50.1750172789],[5.9707366114,50.1748675507],[5.9694908457,50.1734030574],[5.9683561564,50.1728496208],[5.9651017888,50.173059093],[5.9636792815,50.1726299465],[5.9642549927,50.171257486],[5.964331546,50.1676239676],[5.9640533695,50.1665963667],[5.9641290887,50.1649317132],[5.9637905862,50.1639827054],[5.9617894654,50.1613674733],[5.9615946051,50.1608289151],[5.9635923852,50.1610733256],[5.9643063455,50.1582366712],[5.9670680289,50.1554327937],[5.967152268,50.1551607437],[5.9663961341,50.1543230032],[5.9654177737,50.1537143188],[5.9629350139,50.1530548475],[5.9626882426,50.1533347535],[5.9581365038,50.1513938803],[5.9588246229,50.1511768627],[5.9586994029,50.1505256419],[5.96120937,50.1498105658],[5.9605712328,50.1488809005],[5.9601728222,50.1475529089],[5.9603266092,50.1465308114],[5.9610031034,50.1448438034],[5.961345776,50.1425641423],[5.9585396221,50.1388627393],[5.9598298117,50.1342679796],[5.96046038,50.132754409],[5.9613313167,50.1313601923],[5.9596739371,50.1310067323],[5.9546668771,50.1310907337],[5.9540088897,50.130973572],[5.9537400526,50.1306754665],[5.9540149952,50.1301911661],[5.9500014716,50.12918222],[5.9476479421,50.1291225313],[5.9467921165,50.1292593052],[5.9451050738,50.1291018459],[5.9434284158,50.1291550226],[5.9426435485,50.1289998649],[5.9427482092,50.1288363916],[5.9382454244,50.127560854],[5.937173018,50.1269358841],[5.9362868265,50.1270145966],[5.9343144917,50.1267463636],[5.9341384327,50.1269465909],[5.9319200569,50.1264697268],[5.9296603175,50.1261878052],[5.9258983329,50.1244054799],[5.9216361637,50.1232243286],[5.917409456,50.1215379635],[5.9159478585,50.1215419304],[5.9140957685,50.1218989373],[5.911187816,50.1207357639],[5.9104215273,50.119779679],[5.9095220779,50.1190859698],[5.9034912457,50.1172109679],[5.9023950992,50.1166209349],[5.9008266795,50.1161229119],[5.8983046009,50.1136698949],[5.8953149065,50.1121605658],[5.8955021434,50.1111009024],[5.8950411075,50.1091825374],[5.8953217645,50.10551229],[5.8943676179,50.1030633739],[5.8945918586,50.1010862701],[5.8919787698,50.0993205775],[5.8909089787,50.0973807441],[5.8892857507,50.0955467764],[5.8883322255,50.0933519984],[5.8864545468,50.0904111165],[5.8872995544,50.0856511077],[5.8872347762,50.0838714966],[5.8875480742,50.0819163889],[5.8872382044,50.079404035],[5.8864542126,50.0783933953],[5.8855425552,50.0778448381],[5.8835208246,50.0771488495],[5.8826294404,50.076557516],[5.8823538985,50.0760456072],[5.8821969567,50.0768217585],[5.8788764795,50.0764204313],[5.872899818,50.0750550008],[5.8677156259,50.0733490756],[5.867884824,50.0720848464],[5.8659314436,50.0706539941],[5.8627350878,50.0695204189],[5.8606610323,50.0692095147],[5.8584430593,50.066806766],[5.8569289285,50.064424683],[5.8564509704,50.0621243827],[5.8566724033,50.0616086343],[5.8548226012,50.0600236489],[5.8542426768,50.0588806125],[5.8556452695,50.0578422902],[5.8559886019,50.0578637901],[5.8560664688,50.0576628763],[5.8564670617,50.0576811029],[5.857507822,50.0550212192],[5.8586692038,50.054985402],[5.8605819126,50.0544151344],[5.8610866357,50.0549927827],[5.8613209541,50.0545237546],[5.8636954916,50.0530108919],[5.8657806676,50.0511641103],[5.8673390269,50.0501588469],[5.8686805589,50.0476953745],[5.8699251462,50.0459306904],[5.8674834478,50.0453374672],[5.8683698661,50.0442043084],[5.8684429821,50.0438392099],[5.8674420697,50.0432636205],[5.8671917263,50.0434171221],[5.8652989618,50.0426972117],[5.8653663041,50.0424325133],[5.8632529929,50.0422064378],[5.8633100136,50.0417783858],[5.8622968931,50.0411300057],[5.8629564911,50.040206243],[5.8625749922,50.040085275],[5.8632962372,50.0393966259],[5.8636520367,50.0393754138],[5.8624632088,50.0390152465],[5.8611887332,50.038883349],[5.859822379,50.0383962819],[5.8576566967,50.0369487335],[5.8560667123,50.0362732167],[5.8561191818,50.0360398418],[5.8568559108,50.0357040284],[5.8565132992,50.0353940861],[5.8580733783,50.034686629],[5.8575210309,50.0332253374],[5.8577415873,50.0328667158],[5.8588793976,50.0319928151],[5.8592622067,50.0313736491],[5.8591920517,50.0312570646],[5.8589411589,50.0313385255],[5.8590840487,50.0309961203],[5.8594479079,50.0309163972],[5.8590245,50.0302604332],[5.8598756227,50.0288742447],[5.8590936298,50.02846248],[5.8567801641,50.0283444207],[5.8532376545,50.0275644969],[5.8535762182,50.0272284532],[5.8537044302,50.0265979091],[5.8515203086,50.0261008172],[5.8524569284,50.0229004853],[5.8506647134,50.0225580218],[5.8497700485,50.0222233204],[5.8463803521,50.0207836288],[5.8438091698,50.0193746931],[5.8425722902,50.0195004943],[5.8417277471,50.0186019129],[5.841501035,50.0187176843],[5.8411293031,50.0183308628],[5.840746079,50.0183333546],[5.840678252,50.0190272936],[5.840150425,50.0191222112],[5.8401295909,50.0194163629],[5.8395386087,50.0192256368],[5.8383706923,50.0192105198],[5.8384706312,50.0189296196],[5.8374745385,50.0186704327],[5.8360226463,50.0187325933],[5.8337521438,50.0184197347],[5.8323931424,50.0179495081],[5.832870483,50.0173006903],[5.8325087903,50.017085047],[5.8315246618,50.0165485706],[5.8293019083,50.0157665812],[5.8301334861,50.0148385027],[5.8277546061,50.0148479848],[5.8274367083,50.0140723609],[5.8258572766,50.0149191162],[5.8254573358,50.0144003709],[5.8241620107,50.0149685539],[5.8228863815,50.0140102294],[5.8222897061,50.0144036034],[5.8215235153,50.0139590858],[5.8198665588,50.0133800021],[5.8189870003,50.0128053518],[5.8200537688,50.0112333398],[5.8193722692,50.0112148465],[5.8199966325,50.0093483305],[5.8211092818,50.0072171698],[5.8222363406,50.0058907903],[5.8215784632,50.0054539394],[5.8204280793,50.005172101],[5.8213548443,50.003744663],[5.8208261636,50.003512428],[5.821666702,50.0028432871],[5.8216980689,50.0018123595],[5.8206827202,50.0008086711],[5.8208473211,50.0001796084],[5.8227263289,49.9979350074],[5.8235943582,49.9969899456],[5.8246867965,49.9967457501],[5.8271516558,49.9957795889],[5.8296450566,49.9941408394],[5.8324242444,49.9905131076],[5.8357110347,49.9911840788],[5.8366353254,49.9911574071],[5.839439903,49.9896390311],[5.8401338187,49.9894360614],[5.8392396665,49.98888495],[5.8390575499,49.9884813129],[5.8394052692,49.9873158587],[5.8389573286,49.9867914027],[5.8387597237,49.9843636314],[5.8394665297,49.9840688647],[5.8385801093,49.9822982157],[5.8382646847,49.9823922879],[5.8374871595,49.980929376],[5.8363568948,49.9799201541],[5.8357671223,49.9788810627],[5.8351405419,49.979028953],[5.8341451136,49.9782278643],[5.8335207669,49.9785149065],[5.8318333129,49.9765126856],[5.8304245498,49.9759433477],[5.8279149209,49.9759695967],[5.8263054505,49.9746715741],[5.8255073583,49.9752308692],[5.8239993005,49.9752706687],[5.8202688576,49.9737993513],[5.8205442455,49.9733065802],[5.8195413249,49.9720435746],[5.8187705829,49.9723257924],[5.8168328546,49.9725929698],[5.8160474635,49.9723619946],[5.8155215166,49.9723618309],[5.8151867866,49.972542549],[5.8131480102,49.972581306],[5.8123277062,49.9721396064],[5.8104375697,49.9706775063],[5.8108136865,49.9698687471],[5.8099877907,49.9680221445],[5.8096176337,49.9676541389],[5.8106083346,49.9659827307],[5.8109041628,49.965841752],[5.8105777167,49.9649409191],[5.8101372112,49.9645593029],[5.8104575921,49.9644500833],[5.8103532816,49.9642599735],[5.8105373655,49.9640923457],[5.8101076775,49.9638452871],[5.8065957216,49.9623005842],[5.8034906398,49.9632939403],[5.8030903941,49.9633269384],[5.8026877365,49.9630333034],[5.800220661,49.9629545811],[5.7982633116,49.9641160381],[5.7974346401,49.9643464599],[5.7964802734,49.9653533864],[5.7957793526,49.9656890514],[5.7929169491,49.9644881993],[5.7909398919,49.9638811135],[5.7910416057,49.9627795069],[5.7913192025,49.9622981392],[5.7911850765,49.9617986158],[5.7892736529,49.9615582471],[5.7881933945,49.961281223],[5.7856279122,49.9609858363],[5.784727119,49.9615935935],[5.7843455951,49.9614416094],[5.7833590728,49.9620870489],[5.7831892758,49.9619877714],[5.7806074132,49.9626944698],[5.7750253763,49.9607957228],[5.7756725562,49.9594589643],[5.7772285077,49.9577349922],[5.7753323545,49.9570614175],[5.7751752963,49.9571995203],[5.773671226,49.9565027886],[5.7748612255,49.9549334017],[5.7749515908,49.9546162618],[5.7745257119,49.9542624832],[5.7746202293,49.9537946678],[5.7744415726,49.9536597449],[5.7750353334,49.9531430109],[5.7739258551,49.9523036504],[5.7721686329,49.9515053643],[5.7711850058,49.9506133348],[5.7714901677,49.950123117],[5.770368926,49.9495849806],[5.7713346664,49.9461256395],[5.7728123931,49.9465140019],[5.7727109017,49.9456023874],[5.7732510243,49.9447512032],[5.771779039,49.9444743212],[5.7738882395,49.9414384991],[5.7748660583,49.9384712794],[5.7751584875,49.9377112203],[5.7731260318,49.9376908468],[5.7730282987,49.9372061501],[5.7725284539,49.9371473335],[5.7725131087,49.9367220923],[5.7704427242,49.9366728269],[5.7706908387,49.935778021],[5.7703448374,49.9357032861],[5.770145243,49.9332422992],[5.7698033661,49.9330968392],[5.7709367701,49.931671411],[5.7688801727,49.931652166],[5.7668302254,49.9312137237],[5.7640134666,49.931446135],[5.7640410286,49.9310740136],[5.7645949331,49.9305650054],[5.7644324833,49.9300181313],[5.7637806037,49.9297977911],[5.7645573967,49.9290071203],[5.7649044104,49.9289885543],[5.7640953769,49.9284689509],[5.764247551,49.9282009232],[5.7636206441,49.9277465821],[5.763477799,49.9270826008],[5.7636187075,49.9264840872],[5.7647407523,49.926416053],[5.7635226698,49.9244897487],[5.7645856148,49.9241500856],[5.7618214084,49.9233082554],[5.7622601852,49.9214338378],[5.7620594984,49.919712165],[5.7615443841,49.9189339759],[5.7610514482,49.9185608597],[5.7606998563,49.9174384602],[5.7604716796,49.9173314367],[5.7614305744,49.9170615097],[5.7639990612,49.9157462396],[5.7636810808,49.9154020807],[5.7530799589,49.9119804801],[5.7480980534,49.9094391178],[5.7483544294,49.9092484369],[5.7477126023,49.9086721497],[5.7464928589,49.9082819454],[5.7466410646,49.9080434775],[5.7460588306,49.9077866794],[5.7466273236,49.9070397555],[5.7466704309,49.9063135181],[5.7456722571,49.9061856891],[5.7447332174,49.9058322506],[5.7438665307,49.9052726808],[5.7423823172,49.9049968883],[5.7398880836,49.9041956446],[5.7397851162,49.9039971486],[5.7405736045,49.9031213484],[5.7404609936,49.902174504],[5.7389112404,49.9017252848],[5.7376068025,49.9009719122],[5.7362141492,49.8990368062],[5.7366979429,49.8981473388],[5.7357079521,49.8968943261],[5.7379935429,49.8962420627],[5.7397582143,49.8949961101],[5.7408083292,49.8951322371],[5.7427176856,49.8951217378],[5.7451942045,49.8942643264],[5.7463784957,49.8941796146],[5.7465754396,49.8940274351],[5.7465025965,49.8937121132],[5.7467556128,49.8936573342],[5.7467764095,49.8934133238],[5.7476014691,49.89281129],[5.7474652133,49.8927321651],[5.747867447,49.8923890646],[5.750425185,49.8915093226],[5.7519395981,49.8912815938],[5.7529772153,49.8913050576],[5.7530378657,49.8914706293],[5.7542442928,49.891295327],[5.7559500679,49.8907210102],[5.7557992445,49.8905866321],[5.7566025402,49.8898064429],[5.7570986681,49.8898071018],[5.7573408133,49.8894579448],[5.7601831292,49.8892719348],[5.7633738952,49.8882428786],[5.7649388364,49.8882297527],[5.7651323581,49.88805241],[5.7657824818,49.8882430337],[5.7665875721,49.8879733399],[5.7673542724,49.8872912349],[5.7686275086,49.8869598016],[5.7699717971,49.8869600363],[5.7706070115,49.8873455342],[5.7705309121,49.8868680076],[5.7710116486,49.8864639322],[5.7717335354,49.885162453],[5.7724046714,49.8847371918],[5.7738902567,49.8844102534],[5.7757564595,49.884283337],[5.7779342664,49.8838811378],[5.7784336701,49.8834646152],[5.7781949066,49.8834173959],[5.7783392927,49.8828199507],[5.7780581048,49.8820791161],[5.7784268693,49.8816571651],[5.7787039362,49.8816930403],[5.7788676799,49.8811196911],[5.7799740636,49.8806122841],[5.7802123575,49.8802728839],[5.7807411467,49.8801785469],[5.780998855,49.8798566875],[5.782833071,49.8791936293],[5.7833923214,49.8786874762],[5.7835707146,49.877526425],[5.7829621726,49.8759253655],[5.7825658523,49.875725062],[5.781356281,49.8763583789],[5.7802856441,49.8770513862],[5.7792583779,49.8771773105],[5.7787213472,49.8768217405],[5.7780377084,49.8758874802],[5.7788551185,49.8749425286],[5.7798529355,49.8747114451],[5.7839963989,49.8730642414],[5.7837363367,49.87240801],[5.7830006829,49.8718659841],[5.7797624226,49.8722967555],[5.7784943655,49.8722832237],[5.7775325178,49.8720984562],[5.7772153389,49.8713240879],[5.7764779897,49.8710050004],[5.7763786696,49.8700498248],[5.7754534418,49.868797409],[5.7750705184,49.8677797954],[5.7745327563,49.8672994128],[5.7737653472,49.867596415],[5.7720639855,49.8713976129],[5.7715657332,49.8718776046],[5.7704821376,49.8723695641],[5.7693159273,49.8725400937],[5.7689070566,49.8722742215],[5.7687325989,49.871616578],[5.7681155154,49.8706545529],[5.7671561692,49.8698623906],[5.7655580556,49.8693646911],[5.7646550502,49.8693196719],[5.7626591069,49.8695221524],[5.7614234952,49.8705231129],[5.7612718501,49.8709903197],[5.7587147693,49.8728052317],[5.7564458699,49.8732491565],[5.7539242734,49.8719175659],[5.7539867031,49.8712184161],[5.7535678401,49.8707085022],[5.7533989777,49.8697482394],[5.752701386,49.8688404713],[5.7531624866,49.8680140364],[5.7546388525,49.8675160485],[5.7560338422,49.8668005035],[5.7569722819,49.8651104679],[5.7569211439,49.8647683009],[5.7546765213,49.8624593601],[5.7545626436,49.8618712633],[5.7553514179,49.8612564826],[5.7552462828,49.8609627802],[5.7554263769,49.8607022596],[5.7565277708,49.860174918],[5.7574245029,49.858926332],[5.7584509343,49.8585041763],[5.7604664522,49.8570145824],[5.7607365734,49.856374721],[5.7591469324,49.8558677637],[5.7578295,49.8557601939],[5.7570663772,49.8559135474],[5.7564791306,49.8563530713],[5.7545539587,49.8565487761],[5.7516992556,49.8548751013],[5.7510035073,49.8547331514],[5.7502125515,49.8543517933],[5.748978851,49.8545664874],[5.7478658427,49.8545691108],[5.7460868655,49.8541110972],[5.7456978116,49.8534954324],[5.7459834855,49.8523310381],[5.7471280354,49.8518006154],[5.7479197157,49.852089034],[5.7487185908,49.8519575821],[5.7497900648,49.8514022619],[5.7507653687,49.8515452777],[5.7511577118,49.8517559531],[5.752217647,49.851511601],[5.7537527242,49.8518189746],[5.7549174823,49.8517179141],[5.7581557348,49.8493885586],[5.758541158,49.8485334851],[5.7581583275,49.846236008],[5.7570581076,49.8455025006],[5.7543398838,49.8448176517],[5.7526605609,49.8453700062],[5.7522877994,49.8462927878],[5.7514789245,49.8472520533],[5.7503209642,49.8472808276],[5.7491399346,49.8470276587],[5.748229368,49.8462102569],[5.7486142762,49.8450618392],[5.7482908292,49.8442031672],[5.7483717675,49.8437193298],[5.7485792557,49.8423376099],[5.7493060165,49.8416021694],[5.7503972933,49.841156061],[5.7506033169,49.8408087634],[5.7505748744,49.8402554017],[5.7500185501,49.8394091398],[5.7493164107,49.8388882259],[5.7477706624,49.8384989926],[5.7455272432,49.8388094201],[5.7438802612,49.8396106816],[5.7429605512,49.8395639301],[5.7418205398,49.8392879998],[5.7407887131,49.8387475547],[5.7403733498,49.8374295108],[5.7396749055,49.8364508717],[5.7400441549,49.8357922625],[5.7393131306,49.8336652276],[5.7427044841,49.8321454133],[5.7438499607,49.8314741317],[5.7446883224,49.8297718353],[5.7460020706,49.8279384053],[5.746349095,49.8262886492],[5.747079592,49.8253994575],[5.748272097,49.8245546017],[5.7481254835,49.8234716265],[5.7474915108,49.8229760664],[5.7433940362,49.8209789383],[5.7440502019,49.8192711312],[5.7456489692,49.8171371848],[5.7462375681,49.8157645713],[5.7471914732,49.8152747652],[5.7485138996,49.8152966774],[5.7498158893,49.8149291398],[5.7511795948,49.8148643648],[5.7512501412,49.8140436752],[5.75079479,49.813575035],[5.7509117086,49.8134098909],[5.7504937532,49.8125919863],[5.7508050267,49.81217634],[5.7499506586,49.8119711648],[5.7504548774,49.811265337],[5.7500521065,49.8111439966],[5.7505143882,49.8092613649],[5.7500328926,49.8090700902],[5.7505168851,49.8080464745],[5.7503673332,49.8071872859],[5.7508917613,49.8070989669],[5.750352157,49.8062577873],[5.7509908735,49.8057601442],[5.752895632,49.7969525277],[5.753527782,49.7967092936],[5.7531537892,49.796224966],[5.7535497306,49.7951175508],[5.7532812366,49.7946655711],[5.753090707,49.7933972753],[5.7542081607,49.7934173475],[5.7541195713,49.792642874],[5.7548389619,49.7926168905],[5.7551548334,49.7914547182],[5.7614113371,49.7928735543],[5.7613566818,49.7930486826],[5.7619285891,49.7931648667],[5.7640040344,49.7932828635],[5.7640792082,49.793146106],[5.7651849272,49.7938201986],[5.766045809,49.7934178339],[5.7669727247,49.7937692957],[5.7692689322,49.79426933],[5.7698355096,49.793854508],[5.7702572016,49.7942373228],[5.771136162,49.7937733237],[5.7716993728,49.7931876838],[5.7721745529,49.793320138],[5.7737021687,49.7942684828],[5.7743731448,49.7944534513],[5.7769914656,49.7945878981],[5.7774644817,49.7944033724],[5.7781466635,49.7937498796],[5.7813456917,49.7922672301],[5.7820428324,49.7931546795],[5.7824528656,49.7932393948],[5.7834164338,49.7939233784],[5.7849165399,49.7952631298],[5.7851914374,49.7961695031],[5.7867930723,49.7964876316],[5.78690527,49.7963989016],[5.7885744091,49.7965962295],[5.7903621442,49.7957560998],[5.793297,49.790572677],[5.791772479,49.7883774299],[5.7916249885,49.7878365266],[5.7919267243,49.7871313883],[5.7944332613,49.7850016923],[5.7946547927,49.7846293511],[5.797083848,49.7831470155],[5.7984257828,49.7819023242],[5.7995005392,49.7779747341],[5.7999859968,49.7776671979],[5.8034305247,49.7766046189],[5.8040555833,49.7762506619],[5.805248031,49.7745808236],[5.8072348342,49.7724651272],[5.8076484028,49.7715063941],[5.8081821223,49.7684570099],[5.8086278613,49.7677082082],[5.8086173924,49.7670236445],[5.8094455908,49.7653337702],[5.811113918,49.7653553087],[5.8159715749,49.7622087141],[5.8166331111,49.7580162155],[5.8179107095,49.7547285065],[5.8178494694,49.7539769965],[5.8197898892,49.7536932466],[5.8208593447,49.7532592168],[5.8204588612,49.7512656923],[5.8219156726,49.7505004751],[5.8230189046,49.7494691136],[5.824025186,49.7493164768],[5.827720973,49.7502596942],[5.828885539,49.7500891197],[5.8304654212,49.7496173266],[5.8308586042,49.7486103833],[5.8319048515,49.7476739393],[5.8323644101,49.7469429219],[5.831526709,49.7451323282],[5.8303869273,49.7433689149],[5.8313887305,49.7425569943],[5.8317564731,49.7419166726],[5.8319431051,49.7419946418],[5.8326454844,49.7414704756],[5.8299542763,49.7405371932],[5.8274391553,49.7391303234],[5.8278057186,49.7380164006],[5.8284882935,49.7371766951],[5.8278749791,49.7369667536],[5.8282132318,49.7356615472],[5.828091938,49.7338179189],[5.8282641054,49.7333981822],[5.8280812507,49.7329648373],[5.8275521736,49.7326297902],[5.8253715307,49.7320369667],[5.826089912,49.7304619835],[5.827153406,49.7289019899],[5.8265710789,49.728332867],[5.8269098218,49.7269022057],[5.8243276624,49.7260657524],[5.8249836803,49.7248492797],[5.82628688,49.7235631066],[5.8278458416,49.7236666286],[5.8311816164,49.7244665138],[5.8325039021,49.7244173319],[5.8344739467,49.7240558033],[5.8346877881,49.7244209602],[5.8352590841,49.724509801],[5.8355123517,49.7243126739],[5.8379841626,49.7238646896],[5.8379082199,49.7237517376],[5.8383079808,49.7235994625],[5.8378515321,49.7230086806],[5.8389334326,49.7222748977],[5.8408569146,49.7214868633],[5.842836144,49.7212598742],[5.8445865819,49.7213360062],[5.8459665414,49.7219657843],[5.8476136841,49.7229770907],[5.8500174727,49.7239467523],[5.8519135941,49.7243979646],[5.8544735289,49.7246605767],[5.8559028172,49.7252105394],[5.857466215,49.726226119],[5.8596171186,49.7269234437],[5.860020445,49.7272149091],[5.8603786419,49.7268576994],[5.8616254078,49.7262729851],[5.8629511709,49.7267132049],[5.8651076273,49.726889432],[5.8661925423,49.7263445883],[5.8668151675,49.726201488],[5.8672906479,49.7256470143],[5.8697685883,49.7239113919],[5.8695970201,49.7237822473],[5.8704830437,49.7233825577],[5.8702928994,49.722551784],[5.8706942579,49.7216156423],[5.8735094119,49.7216004091],[5.875168829,49.7218793378],[5.8756181349,49.7209764042],[5.8750080671,49.7206993604],[5.8749189943,49.7204685654],[5.8753116413,49.7196331549],[5.8765968938,49.7181197111],[5.8742031333,49.7174483038],[5.874794246,49.7166462221],[5.8748329939,49.7157469558],[5.8758855253,49.7152221682],[5.8777997571,49.7147113142],[5.8816925335,49.7130131528],[5.8826086884,49.7119906654],[5.8834379871,49.7116766893],[5.88381021,49.7113211759],[5.8836269712,49.7112592749],[5.8848495239,49.7103358073],[5.8869859976,49.7093110295],[5.8885289838,49.7101695944],[5.8893632605,49.7104267053],[5.8921297725,49.710343265],[5.8932145593,49.7105569955],[5.8957772813,49.7120995941],[5.8986451671,49.7128826845],[5.9003574361,49.7119473401],[5.8999461819,49.7108257714],[5.9040862123,49.7108392689],[5.9073519449,49.711848286],[5.908346921,49.7119933246],[5.9103950084,49.7103648473],[5.9097583294,49.7085655585],[5.9098665489,49.7069391991],[5.9117407605,49.7049358856],[5.9122993265,49.7046985166],[5.9137302165,49.7033308462],[5.9145232791,49.7031821079],[5.9154817003,49.7034444355],[5.9161753539,49.703755083],[5.9167211274,49.7043704578],[5.9180571747,49.7041955091],[5.9196422772,49.7043850819],[5.9211924099,49.7043507131],[5.922595229,49.7053055742],[5.9228477765,49.7049183043],[5.9225761671,49.7039638359],[5.9227614871,49.7035462687],[5.9241321175,49.7027325308],[5.9250325437,49.7027094493],[5.9277232386,49.7035993679],[5.9281747084,49.702858473],[5.9292845833,49.7019582458],[5.9322521567,49.7024181089],[5.9370887462,49.7038134198],[5.9432462038,49.7074371013],[5.9461717506,49.7087185331],[5.9499817914,49.7086681817],[5.9515183451,49.7104675881],[5.9542071848,49.712424424],[5.9552787452,49.712803349],[5.957173123,49.7134141674],[5.9596141616,49.7145029632],[5.961289121,49.7154446603],[5.9618006366,49.7159222631],[5.9642028936,49.7169820682],[5.9651679468,49.7182455123],[5.9661654908,49.7185975041],[5.9672945319,49.7194268941],[5.9685107801,49.719825222],[5.9693964463,49.720637118],[5.9701744967,49.7210558167],[5.9701717033,49.7209510687],[5.9708621696,49.720934754],[5.9710322616,49.7203999255],[5.9714901285,49.7202125938],[5.9733791324,49.7201612677],[5.978351217,49.720674595],[5.9804193801,49.7213803845],[5.9813218386,49.7219397445],[5.9851643639,49.7229036584],[5.9850669356,49.7230827105],[5.9860562315,49.7233796646],[5.9877056507,49.72372864],[5.9887188538,49.7235953252],[5.9894265129,49.7237215748],[5.990054659,49.7228478732],[5.9903233725,49.7220300012],[5.9899203715,49.7206470983],[5.9903552495,49.719001977],[5.9930725271,49.7193000628],[5.9994955508,49.7208739189],[6.0035776624,49.7217367276],[6.0029033262,49.7226893946],[6.0030380075,49.722732301],[6.0018043055,49.7240483768],[6.0033939707,49.7245512272],[6.0033173191,49.7247282201],[6.0051574994,49.7253001621],[6.0044510316,49.7263167983],[6.0040976586,49.7267681441],[6.0050091898,49.7270471416],[6.0052386799,49.7272199876],[6.0038225298,49.7279551385],[6.0038079598,49.7285149944],[6.0048746398,49.7311404289],[6.0033320174,49.73135356],[6.0028600404,49.7324139605],[6.0020069806,49.7331288745],[6.0017163114,49.7330513994],[6.0010090589,49.7340243707],[6.0052086933,49.7352839806],[6.00660333,49.7355608795],[6.0067977708,49.736301614],[6.00704198,49.7362744041],[6.0068638127,49.7367823811],[6.0052602772,49.736936141],[6.0046605978,49.7373260327],[6.0031881213,49.7377625288],[6.0020048089,49.7379365547],[6.000904172,49.7394043204],[5.9985125747,49.741895181],[5.9977368359,49.7425910696],[5.997464557,49.7424812979],[5.9972570754,49.74239372],[5.9977464087,49.7417745571],[5.9951628724,49.7409270073],[5.9937057981,49.7423430973],[5.993094249,49.7420237795],[5.9927978944,49.7423216845],[5.9906603221,49.7417037725],[5.9905340193,49.7418827667],[5.9888975968,49.7411568236],[5.9885953109,49.7418063929],[5.9888265231,49.7419288443],[5.9869776596,49.7429651305],[5.9910198167,49.7447868695],[5.9908789384,49.7449354259],[5.9901290993,49.7446400313],[5.9882098683,49.7469855497],[5.9859216044,49.748590966],[5.9870473397,49.7492239025],[5.9892224945,49.7498343048],[5.9889811915,49.7502550714],[5.9894656679,49.7503092929],[5.988955471,49.7517793929],[5.9883311377,49.7522033352]],[[6.0688673049,49.8529508943],[6.0689212686,49.8529488039],[6.0689212683,49.8529488031],[6.0688673049,49.8529508943]],[[6.069007488,49.8518876311],[6.0689754563,49.8515569752],[6.0682941787,49.8515596488],[6.0689754521,49.851556977],[6.069007488,49.8518876311]],[[6.0638289279,49.8486747533],[6.0640133613,49.8485723984],[6.0638383843,49.8483921494],[6.0640133586,49.8485723966],[6.0638289279,49.8486747533]],[[6.0573360778,49.8446894901],[6.0576821687,49.8445005498],[6.058113342,49.8448041371],[6.0576821742,49.8445005462],[6.0573360778,49.8446894901]]]},"properties":{"CIRCONSCRIPTION":"Nord"}},
{"type":"Feature","geometry":{"type":"Polygon","coordinates":[[[6.1690309889,49.6859514597],[6.1669980783,49.6869171483],[6.1679982839,49.6874456658],[6.1710523557,49.6882891471],[6.1734338362,49.6893363731],[6.1755900271,49.6895525577],[6.1771495505,49.6892352723],[6.1778943954,49.6899328081],[6.1790770815,49.69057421],[6.1797915107,49.6900314813],[6.1808888676,49.6906769018],[6.1811839675,49.691160252],[6.1809756504,49.6917978287],[6.1829148977,49.6931133873],[6.1790723862,49.6961688427],[6.1810148194,49.6971909249],[6.1821063912,49.6972846633],[6.1825831699,49.6973902527],[6.1831024988,49.6978205483],[6.1835947101,49.6979610789],[6.1845584307,49.6987424873],[6.184970229,49.6987606314],[6.1849392023,49.6991277511],[6.185261881,49.699611005],[6.1837773466,49.7015173969],[6.1848890231,49.7023354276],[6.1857331767,49.7049433359],[6.1872295672,49.7061839504],[6.1861390378,49.707206699],[6.1859256084,49.7080435749],[6.1860199753,49.7084615172],[6.1867934549,49.7093310646],[6.18678727,49.7101902038],[6.1870642346,49.7110556873],[6.186907807,49.7114210749],[6.1867989497,49.7128942067],[6.1865108019,49.7135281183],[6.1848932457,49.7145831636],[6.1894508748,49.7168414608],[6.1959462942,49.7197018676],[6.1988174853,49.7198727188],[6.2017949465,49.7208610842],[6.2030644631,49.7210211306],[6.2025795639,49.7219144194],[6.2019014249,49.7226173115],[6.2019464725,49.7232644485],[6.2044451036,49.7238026903],[6.2041978911,49.7243222413],[6.2062452494,49.7254045051],[6.2056741064,49.7265004613],[6.2084252901,49.727881449],[6.2105296877,49.7282915975],[6.2120780242,49.7284014245],[6.2136132425,49.7288268855],[6.2140266453,49.729372201],[6.2139486313,49.7299117713],[6.2162023996,49.7312649015],[6.2173988986,49.7322565434],[6.2187925873,49.7328074456],[6.22011198,49.7338506296],[6.2207602163,49.7347480639],[6.2208715797,49.7353542355],[6.2214328011,49.7353157993],[6.2219834308,49.7364178219],[6.2225588406,49.7375135903],[6.2230261197,49.7393183145],[6.2253015392,49.7422870002],[6.2258062361,49.7456387113],[6.2262856259,49.7464550833],[6.2259801514,49.7468417166],[6.2274665194,49.7486402613],[6.2276430935,49.74970787],[6.2291125379,49.7484385575],[6.2306470379,49.7475542748],[6.2308409201,49.7476420984],[6.2353630604,49.7473196435],[6.2372484631,49.7470445249],[6.2413634848,49.7461315481],[6.2475519695,49.7458384672],[6.2490798791,49.7456059836],[6.2501631891,49.7452017154],[6.2514146295,49.7450805248],[6.2550158862,49.7451899578],[6.2550208481,49.7450640829],[6.2615590105,49.7454273679],[6.2633577573,49.7448522137],[6.2643345954,49.7442515333],[6.2649034347,49.744296962],[6.2652573001,49.7447728694],[6.2647693612,49.7454770176],[6.2652113404,49.7461053436],[6.2651221837,49.7464996832],[6.2656159221,49.7465955203],[6.2657275351,49.7467614044],[6.2654803746,49.7471777619],[6.2660609363,49.7481266953],[6.2694650636,49.7505282727],[6.2718961428,49.752994386],[6.2718682176,49.7539464449],[6.2714523471,49.7546699661],[6.2724756183,49.7556339401],[6.2723824606,49.7567579165],[6.2724831015,49.757494619],[6.2731441265,49.7575708607],[6.2756207518,49.7583240826],[6.2773190314,49.7601845058],[6.2773826452,49.7608124505],[6.2781200778,49.761433027],[6.2783046021,49.7620468567],[6.2788411534,49.7621208475],[6.2790320481,49.7625363335],[6.2788189143,49.7629412763],[6.2777635364,49.7632157961],[6.2774449665,49.763244897],[6.2771358457,49.7630579939],[6.2756543468,49.7632135276],[6.2750409767,49.7641964668],[6.2779697161,49.7660414317],[6.2794425497,49.7666978594],[6.2795370197,49.7669673738],[6.2786840567,49.7682124374],[6.2773252035,49.7678922272],[6.2767044285,49.7692225483],[6.2758005938,49.7691715222],[6.2752262755,49.7702442963],[6.2717978321,49.7697544784],[6.2687217291,49.7689999946],[6.2682697137,49.7687541689],[6.267644065,49.7688989695],[6.2674324701,49.7690999163],[6.266596976,49.7689832526],[6.2665059716,49.7690995271],[6.2674667109,49.7694342348],[6.2672667472,49.7696494305],[6.2648839597,49.7687943838],[6.2647492933,49.7684187736],[6.2630986102,49.7687123149],[6.2631966342,49.7700734069],[6.2646139346,49.7699619077],[6.2645170576,49.7704417806],[6.2646683225,49.7704880098],[6.2632978508,49.7735241349],[6.2629318988,49.7740638736],[6.2627662606,49.7740271842],[6.261329381,49.7764077338],[6.2633572907,49.7766652272],[6.2632698495,49.7769377462],[6.2636700628,49.776975031],[6.2628175684,49.7787891969],[6.2593624663,49.7781991196],[6.2567712803,49.7771248605],[6.2552183877,49.7785552723],[6.2539135213,49.7787651019],[6.2536498488,49.7782036204],[6.2528977603,49.7776164003],[6.25122201,49.7768511216],[6.2477309163,49.7803709748],[6.2482656179,49.7804996281],[6.2479390226,49.7808665433],[6.2462834662,49.7804585343],[6.2459331466,49.7808631851],[6.2440134609,49.7800915217],[6.2428022161,49.7812322985],[6.2429819214,49.7812907917],[6.2425727949,49.7819829045],[6.2400989614,49.7813501995],[6.2374314602,49.7810831584],[6.236848796,49.7823695086],[6.2366575067,49.7828694542],[6.2385097137,49.7831478333],[6.2422929544,49.7837611293],[6.2424679111,49.7835900031],[6.2432436207,49.7836318251],[6.2451577983,49.7840497553],[6.2485742648,49.7853785475],[6.2464844414,49.7876128428],[6.2467970639,49.7877776623],[6.2450735148,49.7890416792],[6.243547209,49.7879680963],[6.243654705,49.7878966211],[6.2420354376,49.7863427229],[6.2409481707,49.7870666248],[6.2376939353,49.786154113],[6.2355777061,49.7918412575],[6.2338439463,49.7938664192],[6.2335270365,49.7937520862],[6.2324920446,49.7946096328],[6.2322216371,49.795443125],[6.2324425492,49.7961428199],[6.2316124112,49.7965505813],[6.229616917,49.7959961729],[6.2284206029,49.7956145798],[6.2263047399,49.7954709005],[6.2253757143,49.795171701],[6.224374275,49.7950769606],[6.2245169979,49.7948547476],[6.2223376271,49.7939298781],[6.2217311458,49.7934348125],[6.2212160851,49.7912502106],[6.2191512508,49.7915242384],[6.2190872569,49.7910569835],[6.2184902593,49.7904030664],[6.2180764881,49.7893472077],[6.2172445341,49.7898298411],[6.21748103,49.7902279648],[6.2154771552,49.7906965588],[6.2113603499,49.7921948221],[6.2094310008,49.7936740642],[6.2086454749,49.7940008994],[6.2080817392,49.7940475636],[6.2075770736,49.794566154],[6.2076298416,49.7949560897],[6.2081251232,49.7949169682],[6.2082253089,49.7950888712],[6.2081672802,49.7961248105],[6.2054444426,49.7979852351],[6.2053351754,49.7978645259],[6.2045498896,49.7981759949],[6.2024993606,49.7985243259],[6.2026092227,49.7987256753],[6.201484473,49.7991289947],[6.1979000228,49.7997264426],[6.198248437,49.8006524373],[6.1980343194,49.8016631214],[6.1967319832,49.8017956956],[6.1952623516,49.8022373692],[6.1935214245,49.8034624636],[6.1911871085,49.802731109],[6.1907150471,49.8033246458],[6.1919049423,49.8040770907],[6.1921242164,49.8045896035],[6.191452214,49.8045879928],[6.1903075342,49.8043126706],[6.1886547382,49.8064018955],[6.1901786475,49.8089482262],[6.190965933,49.8089706971],[6.1912350589,49.8096351615],[6.190940571,49.8103477073],[6.1916430984,49.8120990101],[6.1910808064,49.8142425422],[6.1900422245,49.8160756365],[6.1883312453,49.81769903],[6.1876936963,49.8180122447],[6.1891371102,49.8222719414],[6.1855255255,49.8230296814],[6.1818627988,49.8225932017],[6.178424047,49.821890344],[6.1749985474,49.8208828244],[6.1709931586,49.82125709],[6.1686849614,49.8217891922],[6.1668619536,49.8224383723],[6.1641452273,49.8221192263],[6.1626449603,49.822691397],[6.1615502271,49.8218053542],[6.1600009974,49.821055599],[6.1554754261,49.8193472259],[6.1526506727,49.8184269526],[6.1525249345,49.8186502651],[6.1516604537,49.8183410349],[6.1508435029,49.8187003336],[6.1504964595,49.8192711829],[6.1506824334,49.8193303682],[6.1505250965,49.8200447266],[6.1511657043,49.820994358],[6.1504430825,49.8216933163],[6.1507725692,49.8228736316],[6.1494755581,49.8251554245],[6.1491330506,49.8256570057],[6.1479107738,49.8263961108],[6.146411185,49.8259605594],[6.1457161816,49.826738125],[6.1432568039,49.8254453607],[6.1420797047,49.8251441489],[6.1390430988,49.8238728717],[6.1366197724,49.8223596763],[6.1328998438,49.8204023636],[6.1316876891,49.8194966376],[6.1307287566,49.8190518677],[6.1300828793,49.8189530888],[6.1291543702,49.8183202936],[6.1282643184,49.8181046083],[6.1278315228,49.8175693909],[6.1262407422,49.8170757547],[6.1257756953,49.8166765381],[6.1256604694,49.8167355387],[6.123989343,49.8157892339],[6.1229325536,49.8155144124],[6.1197360051,49.8140849233],[6.1174808517,49.8133894473],[6.1160379498,49.8124873772],[6.1132855704,49.8114838744],[6.1121457772,49.8108961027],[6.1110953134,49.8108518322],[6.1092779156,49.810352638],[6.1081048298,49.8115303922],[6.1080070188,49.8128635262],[6.1061284321,49.8138427337],[6.1051507282,49.8145489269],[6.1037310326,49.8150040575],[6.1027249711,49.815017087],[6.101777319,49.8146609564],[6.1010028205,49.8145979683],[6.0984410752,49.8149890278],[6.0972765636,49.8147969193],[6.0964695955,49.8150022083],[6.0957573228,49.8154265721],[6.0946551429,49.81636776],[6.0945012167,49.8169418263],[6.0947989873,49.8172398739],[6.0965394843,49.8181222235],[6.096247217,49.8189242291],[6.0950604356,49.8206428909],[6.0941993538,49.8214712467],[6.0926838679,49.8222806743],[6.0912896108,49.8226359708],[6.0911681004,49.8228296131],[6.0847428881,49.8225131443],[6.0835681451,49.8229510203],[6.0812801998,49.8233880463],[6.0770573594,49.8247375207],[6.0727767816,49.8254484566],[6.073793176,49.8264431803],[6.07352901,49.8277658264],[6.0744666194,49.8287331306],[6.0748728945,49.828851781],[6.0747439605,49.8289965897],[6.0750614309,49.8291936122],[6.0750458053,49.8294515238],[6.0745655961,49.829552187],[6.0740763069,49.8293138031],[6.0724040278,49.8297551744],[6.0724965955,49.8300031226],[6.0643696952,49.8303581788],[6.0639395225,49.830927022],[6.0638953958,49.8320414555],[6.0642345927,49.8328808823],[6.0643963292,49.832834688],[6.0653215642,49.8341737459],[6.0645739363,49.8344381038],[6.0642514791,49.8341648796],[6.0618430317,49.8305558168],[6.0591986004,49.8301769978],[6.0572276642,49.8293608603],[6.056564074,49.8288680259],[6.0529099993,49.8276894455],[6.0511320013,49.8268635942],[6.0501417587,49.8266234645],[6.0514754497,49.8253183701],[6.0490017834,49.8243849259],[6.0450298514,49.8267218601],[6.0438276124,49.8267459582],[6.0415537496,49.8264750631],[6.0403488658,49.8260879431],[6.0407749725,49.8254624874],[6.0411567898,49.8241530527],[6.0407657509,49.8228208566],[6.0364761625,49.822027148],[6.0322604274,49.8197370573],[6.0315970272,49.8168977096],[6.0297752725,49.8139115375],[6.0285969226,49.8126997179],[6.0288718812,49.8115690447],[6.0279175245,49.8103628522],[6.0283456562,49.8096393275],[6.0305921825,49.8088667389],[6.0299442811,49.8081985401],[6.0306021779,49.8076994528],[6.0369008349,49.8047670982],[6.0385692561,49.8037699604],[6.0350641914,49.8034396633],[6.029842083,49.8015826118],[6.0291352246,49.8012570545],[6.0287964096,49.8007637348],[6.0265008516,49.8004281613],[6.0259743148,49.7998968982],[6.0255688675,49.799999347],[6.0195024135,49.7984674168],[6.0197184803,49.7978966019],[6.0207000288,49.7968199684],[6.0190833411,49.7962879376],[6.0152233982,49.795439934],[6.0155897488,49.7936239652],[6.0153354158,49.7926631536],[6.0145321225,49.7914367615],[6.0145369541,49.7909512059],[6.0126065745,49.7902405462],[6.0135014857,49.788996602],[6.0135647557,49.7879822711],[6.0132600562,49.7879810486],[6.0131160587,49.7875976274],[6.0132812176,49.7871622461],[6.0136095648,49.7869689315],[6.0127377496,49.7869890717],[6.0109655796,49.7867359803],[6.0098758679,49.786779999],[6.0076768265,49.7872963959],[6.006443315,49.7873915123],[6.0053556815,49.7871229017],[6.0031376501,49.7865987876],[6.0014352213,49.7859441141],[6.0018235798,49.7854087494],[5.9985104867,49.7835726687],[5.9990052533,49.7827109246],[5.9976920079,49.7818728093],[5.9990665521,49.7810953957],[5.9982518836,49.7806898252],[5.9992766756,49.7797683434],[5.9990292213,49.7796658317],[6.0002977616,49.7784229514],[6.0008220812,49.7767029038],[5.9987420454,49.7750500331],[5.9999516358,49.7751266154],[6.0000061991,49.7744438917],[6.0015825824,49.7744659083],[6.0013895467,49.7737846818],[6.0030875315,49.7733845114],[6.0028268554,49.773065177],[6.0020655105,49.7728120926],[6.0000116531,49.7724470445],[5.9996689953,49.7720041775],[5.9990616252,49.7716700015],[5.9987575584,49.771611983],[5.9980135763,49.7718351195],[5.9975341575,49.7712859913],[5.997421713,49.7706343834],[5.9971108967,49.7703733485],[5.9966623955,49.7702575535],[5.9960154482,49.7703179434],[5.9971756173,49.7691262185],[5.9968555061,49.7688865042],[5.9973140218,49.7685284641],[5.9968330541,49.7681951627],[5.9975617615,49.7655250495],[5.9981142683,49.7644358077],[5.9986125366,49.7643789839],[5.9998132734,49.7618907048],[5.9965032287,49.7609841728],[5.9954580643,49.7605408756],[5.9961644644,49.7598412967],[5.9935910591,49.7581849196],[5.993551719,49.7577405814],[5.9929802149,49.7568776337],[5.9908260032,49.755730828],[5.989743329,49.7549482714],[5.9879649513,49.7546276017],[5.9879544686,49.7543504626],[5.9896856964,49.7540168729],[5.989063359,49.7533632677],[5.98902972,49.7524849332],[5.9883311377,49.7522033352],[5.988955471,49.7517793929],[5.9894656679,49.7503092929],[5.9889811915,49.7502550714],[5.9892224945,49.7498343048],[5.9870473397,49.7492239025],[5.9859216044,49.748590966],[5.9882098683,49.7469855497],[5.9901290993,49.7446400313],[5.9908789384,49.7449354259],[5.9910198167,49.7447868695],[5.9869776596,49.7429651305],[5.9888265231,49.7419288443],[5.9885953109,49.7418063929],[5.9888975968,49.7411568236],[5.9905340193,49.7418827667],[5.9906603221,49.7417037725],[5.9927978944,49.7423216845],[5.993094249,49.7420237795],[5.9937057981,49.7423430973],[5.9951628724,49.7409270073],[5.9977464087,49.7417745571],[5.9972570754,49.74239372],[5.997464557,49.7424812979],[5.9977368359,49.7425910696],[5.9985125747,49.741895181],[6.000904172,49.7394043204],[6.0020048089,49.7379365547],[6.0031881213,49.7377625288],[6.0046605978,49.7373260327],[6.0052602772,49.736936141],[6.0068638127,49.7367823811],[6.00704198,49.7362744041],[6.0067977708,49.736301614],[6.00660333,49.7355608795],[6.0052086933,49.7352839806],[6.0010090589,49.7340243707],[6.0017163114,49.7330513994],[6.0020069806,49.7331288745],[6.0028600404,49.7324139605],[6.0033320174,49.73135356],[6.0048746398,49.7311404289],[6.0038079598,49.7285149944],[6.0038225298,49.7279551385],[6.0052386799,49.7272199876],[6.0050091898,49.7270471416],[6.0040976586,49.7267681441],[6.0044510316,49.7263167983],[6.0051574994,49.7253001621],[6.0033173191,49.7247282201],[6.0033939707,49.7245512272],[6.0018043055,49.7240483768],[6.0030380075,49.722732301],[6.0029033262,49.7226893946],[6.0035776624,49.7217367276],[5.9994955508,49.7208739189],[5.9930725271,49.7193000628],[5.9903552495,49.719001977],[5.9899203715,49.7206470983],[5.9903233725,49.7220300012],[5.990054659,49.7228478732],[5.9894265129,49.7237215748],[5.9887188538,49.7235953252],[5.9877056507,49.72372864],[5.9860562315,49.7233796646],[5.9850669356,49.7230827105],[5.9851643639,49.7229036584],[5.9813218386,49.7219397445],[5.9804193801,49.7213803845],[5.978351217,49.720674595],[5.9733791324,49.7201612677],[5.9714901285,49.7202125938],[5.9710322616,49.7203999255],[5.9708621696,49.720934754],[5.9701717033,49.7209510687],[5.9701744967,49.7210558167],[5.9693964463,49.720637118],[5.9685107801,49.719825222],[5.9672945319,49.7194268941],[5.9661654908,49.7185975041],[5.9651679468,49.7182455123],[5.9642028936,49.7169820682],[5.9618006366,49.7159222631],[5.961289121,49.7154446603],[5.9596141616,49.7145029632],[5.957173123,49.7134141674],[5.9552787452,49.712803349],[5.9542071848,49.712424424],[5.9515183451,49.7104675881],[5.9499817914,49.7086681817],[5.9461717506,49.7087185331],[5.9432462038,49.7074371013],[5.9370887462,49.7038134198],[5.9322521567,49.7024181089],[5.9292845833,49.7019582458],[5.9281747084,49.702858473],[5.9277232386,49.7035993679],[5.9250325437,49.7027094493],[5.9241321175,49.7027325308],[5.9227614871,49.7035462687],[5.9225761671,49.7039638359],[5.9228477765,49.7049183043],[5.922595229,49.7053055742],[5.9211924099,49.7043507131],[5.9196422772,49.7043850819],[5.9180571747,49.7041955091],[5.9167211274,49.7043704578],[5.9161753539,49.703755083],[5.9154817003,49.7034444355],[5.9145232791,49.7031821079],[5.9137302165,49.7033308462],[5.9122993265,49.7046985166],[5.9117407605,49.7049358856],[5.9098665489,49.7069391991],[5.9097583294,49.7085655585],[5.9103950084,49.7103648473],[5.908346921,49.7119933246],[5.9073519449,49.711848286],[5.9040862123,49.7108392689],[5.8999461819,49.7108257714],[5.9003574361,49.7119473401],[5.8986451671,49.7128826845],[5.8957772813,49.7120995941],[5.8932145593,49.7105569955],[5.8921297725,49.710343265],[5.8893632605,49.7104267053],[5.8885289838,49.7101695944],[5.8869859976,49.7093110295],[5.8869270084,49.7092766856],[5.8819253894,49.7054308229],[5.8796580998,49.7028070294],[5.877940988,49.7012087433],[5.8731177766,49.69856734],[5.872264754,49.698388554],[5.8718060151,49.6984619283],[5.8705747766,49.6971637616],[5.8701077311,49.6962093598],[5.8688105667,49.6946165171],[5.8666914853,49.6943514262],[5.8657091151,49.6930264929],[5.8668179187,49.6924285127],[5.8669575201,49.6918265029],[5.8657390108,49.6908170947],[5.8650315241,49.6897699604],[5.8634206405,49.6884858649],[5.8642910895,49.6882358333],[5.8645610423,49.6873643499],[5.8640824532,49.687172599],[5.8642841387,49.6865890419],[5.8638259175,49.6863969656],[5.8625893284,49.6845162571],[5.8625115972,49.6839805813],[5.8629135668,49.6830877982],[5.8623189058,49.682182558],[5.8623431074,49.6815785136],[5.8618044598,49.6810307617],[5.8624756264,49.6796658123],[5.8654088679,49.6760502897],[5.866114095,49.6756711263],[5.8675318547,49.6751367423],[5.8689406701,49.6751354974],[5.8701679601,49.6753438516],[5.8738594774,49.6732652734],[5.876929241,49.6735025021],[5.8776471786,49.6732526347],[5.878007765,49.6733076881],[5.8788693889,49.6728233649],[5.8791813694,49.6728885342],[5.8808853145,49.6720386672],[5.8821763666,49.6718073779],[5.8824163334,49.6716946107],[5.8822853897,49.6703331527],[5.8832350101,49.6701962968],[5.8845365121,49.6705753917],[5.8850628957,49.6704822077],[5.8850417391,49.6699103154],[5.8846239134,49.6694250813],[5.8847252477,49.6690328566],[5.8850893745,49.6686681463],[5.8864985601,49.6678911134],[5.8871638789,49.6679597427],[5.8873303456,49.668394308],[5.8870233481,49.6687429261],[5.8874762521,49.6697187992],[5.8896860197,49.6705040697],[5.8901510794,49.6704691926],[5.8901136656,49.6703343741],[5.8902875819,49.6694042295],[5.8914014376,49.6686314654],[5.8915049741,49.6680577762],[5.8922087076,49.6674520584],[5.8918938237,49.6670330612],[5.8919540483,49.666805671],[5.892754279,49.6662369521],[5.8938359886,49.666348283],[5.8941344222,49.6677507808],[5.895056272,49.66845739],[5.8957588723,49.6687379736],[5.8963140173,49.6685420217],[5.896493698,49.6680084258],[5.8973089702,49.6673615167],[5.897471334,49.6669031059],[5.8979883644,49.666419761],[5.8993248559,49.665928782],[5.9001405603,49.6660474583],[5.9008937586,49.6667641786],[5.9006726447,49.6673557314],[5.9016100109,49.6681111449],[5.9021617189,49.6681902704],[5.9025333761,49.6680183688],[5.9026102898,49.6676013477],[5.9031095513,49.6671578951],[5.9013725486,49.6661920261],[5.9012839287,49.665809807],[5.9015606132,49.6655951633],[5.9014964685,49.6650655133],[5.9018673172,49.664258996],[5.9025108552,49.6640172102],[5.9034524712,49.6641823824],[5.9040479078,49.6647521438],[5.9048627433,49.6648582785],[5.905670946,49.6654995506],[5.9069072523,49.6657309666],[5.9083886695,49.6656722588],[5.9094644168,49.6645620037],[5.9099813229,49.6633078123],[5.9106750559,49.6624741116],[5.9076050472,49.6620885715],[5.9048719561,49.6610789156],[5.9050590234,49.6607230195],[5.9038690792,49.6587142433],[5.9029641621,49.6575867587],[5.9044289272,49.6555909469],[5.9054143671,49.6547604827],[5.9029624268,49.6538301852],[5.9025453137,49.6532493883],[5.9022233804,49.6517928104],[5.9018808024,49.651811815],[5.9017334675,49.651441194],[5.9028369967,49.6513483338],[5.9023959206,49.6504793753],[5.9022120031,49.6494093997],[5.9026920343,49.6469152821],[5.9025449671,49.6469182727],[5.9022138627,49.6459471841],[5.9023867138,49.645708447],[5.902909127,49.6455357105],[5.9041186898,49.6456104649],[5.9041526243,49.6418616429],[5.9043513236,49.6413870925],[5.9053718886,49.6407638584],[5.9054933958,49.6401637163],[5.9068152274,49.6396323184],[5.907715202,49.6390729068],[5.9067778277,49.6386469408],[5.9058898528,49.6382311396],[5.9031909167,49.6361631975],[5.8989640198,49.6343789053],[5.8976221507,49.6358220682],[5.8953149482,49.6362687932],[5.8922839005,49.6362356066],[5.8896627509,49.6353937493],[5.8869073284,49.6349550317],[5.8866528003,49.6342693745],[5.8861914116,49.6337522182],[5.8852936391,49.6333719918],[5.8845483194,49.6333643304],[5.8838614858,49.6329796177],[5.8827060332,49.6309462962],[5.8858217026,49.6290247236],[5.8854921911,49.6288902802],[5.8858834349,49.6281981072],[5.8867591152,49.6273332216],[5.8863354921,49.627251995],[5.8854786753,49.6265177767],[5.8843855665,49.6262143987],[5.8836967171,49.6256340715],[5.883215951,49.6255768793],[5.8829153076,49.6252270211],[5.8825621397,49.625291284],[5.8824076086,49.6249782511],[5.881539793,49.6247004761],[5.8816747522,49.6245887812],[5.8813352248,49.6243139787],[5.8809175007,49.6244484317],[5.8807134488,49.6240362652],[5.88013863,49.6239579862],[5.8802494242,49.6233752307],[5.8791371839,49.6227027649],[5.8770592391,49.6210392486],[5.8761391166,49.620001427],[5.8757259255,49.6188670263],[5.8756528487,49.617917491],[5.8755550531,49.6157470849],[5.8759270901,49.6157480216],[5.8754364791,49.6145692873],[5.8760061059,49.6138177602],[5.8770265179,49.6133145331],[5.8768306264,49.6129185541],[5.8770371688,49.6128956235],[5.8771769179,49.6123110542],[5.8757484162,49.6113625466],[5.8763134233,49.6103223044],[5.8759493753,49.6098745623],[5.8763176559,49.6096110445],[5.8763188943,49.6090518511],[5.8766236356,49.6090252568],[5.8766411501,49.6087764832],[5.876379833,49.608576514],[5.8765252543,49.6084844966],[5.875776808,49.6080904174],[5.8755921294,49.6077959908],[5.8743215471,49.6073312109],[5.8741289511,49.60745934],[5.872474237,49.60649024],[5.8699255435,49.6057201868],[5.8669948629,49.6054177176],[5.8668966099,49.6052439269],[5.8658411658,49.605151948],[5.8634987104,49.6033844022],[5.8632692604,49.6032678067],[5.8631299485,49.6033947628],[5.8557153071,49.5998228789],[5.8546734635,49.5997347636],[5.8530186344,49.5992608437],[5.8490742887,49.5977082058],[5.8486025772,49.5972500735],[5.8487893994,49.5967381251],[5.8477613482,49.5959417159],[5.8486690145,49.5944149933],[5.8484020906,49.5936636228],[5.8488450164,49.5905401191],[5.8496313434,49.5889531823],[5.8502660883,49.5882390452],[5.8500882464,49.5869315191],[5.8509508861,49.5869889046],[5.8523942266,49.5868198783],[5.853289274,49.586956357],[5.8568027537,49.5860445999],[5.8576842178,49.5861112735],[5.8591242118,49.5859563423],[5.8600111911,49.5861426209],[5.86099665,49.5865907031],[5.8612817091,49.5864240794],[5.8620343587,49.5867820672],[5.8629100358,49.5862571371],[5.8633375964,49.586598482],[5.8638876801,49.5866676275],[5.8642942833,49.5864620688],[5.8653942942,49.5873544726],[5.8651891839,49.5874935687],[5.8662639397,49.5881183423],[5.8658728688,49.5884013792],[5.8677625058,49.5896401255],[5.8691634145,49.5886958056],[5.869784301,49.5891967927],[5.8710094842,49.5883515028],[5.8715607441,49.5876337896],[5.8715566116,49.586097837],[5.8731301506,49.5840382179],[5.8732756339,49.583595544],[5.8727249294,49.5831666821],[5.8697510375,49.5827759953],[5.8691127481,49.5825437324],[5.8683319524,49.5821526126],[5.8676833759,49.5814324061],[5.865971614,49.5805336133],[5.8670521224,49.580332611],[5.8689217536,49.5796623412],[5.8711032333,49.5797674919],[5.8718965445,49.5796058363],[5.8719029818,49.5790500789],[5.8711651157,49.5777211751],[5.8697410578,49.5767359416],[5.8706566423,49.576196642],[5.8723766158,49.5752188784],[5.8727492868,49.5743415969],[5.8701512496,49.573784731],[5.8687043708,49.5733239829],[5.8680490531,49.5736547449],[5.8675026467,49.5732427986],[5.8675351003,49.5730410779],[5.8653316168,49.5717113702],[5.8692180362,49.5689597862],[5.8704941037,49.5675788783],[5.8711251943,49.5678296915],[5.8716371015,49.5675441754],[5.8711321693,49.5673369888],[5.8713391303,49.5670807237],[5.8711201087,49.5670591334],[5.8718103766,49.5659398975],[5.8712959629,49.5657327863],[5.8720568823,49.564933012],[5.8723366264,49.5650501147],[5.87423005,49.5635580957],[5.8750814652,49.5614289453],[5.8757938643,49.5615558344],[5.8761034273,49.560784728],[5.8856275412,49.5616486458],[5.8857356709,49.5610505156],[5.8853125054,49.560245349],[5.8853171856,49.5596748394],[5.8861878777,49.5581898834],[5.8864847906,49.558250278],[5.8866099652,49.5581333016],[5.8865821334,49.5574595401],[5.8870343939,49.5575054745],[5.8874633312,49.5569357122],[5.8872854281,49.5561009707],[5.8866817999,49.5554855966],[5.887188816,49.5541895521],[5.8862384751,49.5521531007],[5.8850566393,49.5502614358],[5.8857143113,49.5492299228],[5.8856951044,49.5483591407],[5.8852960504,49.5470425982],[5.88531565,49.5468039498],[5.8868884875,49.5465170068],[5.8899942241,49.5465714492],[5.8900469795,49.5462030836],[5.8985431234,49.5471101935],[5.9007396834,49.5493781376],[5.9024386611,49.5501531509],[5.9035463252,49.5509830418],[5.9042838238,49.5512672203],[5.9038691162,49.5512897262],[5.9036207768,49.5518191236],[5.9048092307,49.5522137468],[5.9060230153,49.5520394129],[5.9089072557,49.5524117167],[5.911668875,49.5538009764],[5.9127302827,49.5541180039],[5.9160436458,49.5543898057],[5.9165558805,49.5539156287],[5.9204089017,49.5550007292],[5.9205479562,49.5547499312],[5.9219354762,49.5550574898],[5.9238405853,49.5551870457],[5.9255567526,49.5554808927],[5.9282197225,49.556304289],[5.931714881,49.5570858663],[5.9377269931,49.5594620893],[5.9370338689,49.5615056552],[5.9378518247,49.5618540204],[5.9401983415,49.5620590224],[5.941901754,49.5618489298],[5.9423838291,49.5619361368],[5.9426395409,49.5622688539],[5.9430068085,49.5622357056],[5.9458679524,49.5612306959],[5.947430459,49.5608920304],[5.9483365979,49.5596813893],[5.9493854178,49.5597748705],[5.9511628582,49.5610796354],[5.951228834,49.5615994254],[5.9528643011,49.5620334897],[5.9546008742,49.5637205972],[5.95497062,49.5647905313],[5.9547984083,49.5654119036],[5.9553036574,49.5664086638],[5.9560977465,49.5673718457],[5.9570736711,49.5679936374],[5.9578880924,49.5688231014],[5.9585513662,49.5692442812],[5.9593447538,49.5694348362],[5.9615918427,49.5689248845],[5.9610741214,49.5683814691],[5.9609266854,49.5684074693],[5.9611306778,49.568154644],[5.9666362331,49.570412849],[5.9696566758,49.5705988635],[5.9710761029,49.5702916162],[5.9705321058,49.5683958245],[5.9711253144,49.5679563583],[5.9712581218,49.5682435604],[5.9715336235,49.5681026239],[5.9726938143,49.5671839295],[5.9752646051,49.5682864456],[5.9775339936,49.5678410111],[5.9796191537,49.5665175787],[5.9785866703,49.5659886189],[5.9791397559,49.565319405],[5.9799796151,49.5646981255],[5.9796232836,49.5645593736],[5.980083034,49.5641394253],[5.9798496944,49.5640574987],[5.9808330148,49.5625767448],[5.9826598464,49.563316105],[5.9831494891,49.5629393402],[5.9859889072,49.5642799588],[5.9862741946,49.5640058536],[5.9880167666,49.564776367],[5.9883230799,49.5645148678],[5.990017796,49.5650927781],[5.9900823032,49.5654003267],[5.991636298,49.5651973744],[5.9926500976,49.5648755619],[5.9931122051,49.5651927349],[5.9936454177,49.5659960254],[5.9935425264,49.5667096275],[5.9944943961,49.5668161217],[5.9942128746,49.5685561662],[5.9930471757,49.5683608041],[5.993008621,49.5684691784],[5.9942103927,49.5687264624],[5.9942478886,49.569081405],[5.9964341709,49.5687100388],[5.9970456301,49.5692579562],[5.9975946566,49.5691474796],[5.9994779838,49.5702680302],[5.9979307782,49.5716288414],[5.9999662028,49.5720465765],[5.9999953213,49.5717707187],[6.0007175577,49.571916651],[6.0004840837,49.5723564995],[6.0008772298,49.5725016595],[6.0007868152,49.5734356112],[6.0036735009,49.5759894294],[6.0056287552,49.5768799348],[6.0052282361,49.5770927237],[6.0055781707,49.5775014249],[6.0071305711,49.5780866076],[6.0069937549,49.5783981921],[6.0075003486,49.5785825885],[6.0076223885,49.5788240768],[6.0098770204,49.5794118429],[6.0095324728,49.5797190748],[6.0138727605,49.5810098356],[6.0146030511,49.5814900328],[6.0144375842,49.5816539641],[6.0205185047,49.5834785261],[6.0216706194,49.5835960999],[6.0224663749,49.5831244115],[6.022774827,49.5834734606],[6.0241288136,49.5841457485],[6.0248413274,49.5848119105],[6.0255356555,49.5842622857],[6.0269028449,49.5846722165],[6.0275279188,49.5836243919],[6.0282193613,49.5817908977],[6.0294325441,49.5821405356],[6.0295149442,49.5818711359],[6.033716521,49.5825062587],[6.0327054774,49.5841098911],[6.032363547,49.5855947957],[6.0342257376,49.5858078172],[6.0374384751,49.585875606],[6.0372652872,49.586074761],[6.0397313356,49.5866972379],[6.0407659729,49.5862714871],[6.0410642016,49.5854358434],[6.040705968,49.5848645122],[6.0398929847,49.5842384555],[6.0418039241,49.5842760744],[6.044394496,49.5848606447],[6.0466084827,49.5848430127],[6.0493118525,49.5858568407],[6.0518532079,49.5865548494],[6.0572238465,49.5875232695],[6.059864525,49.5876645973],[6.064222048,49.588499814],[6.0692871725,49.5898225026],[6.0698784372,49.5886615394],[6.0705867553,49.5888105838],[6.0709791934,49.5876886945],[6.072942096,49.5893132368],[6.0737636233,49.5893376124],[6.0742320692,49.5897740009],[6.0743630032,49.5893943067],[6.0761928437,49.5893524053],[6.0767548048,49.5875002428],[6.07622517,49.5872752046],[6.0769627112,49.5866961927],[6.0792862986,49.5852396883],[6.0797568034,49.5843674642],[6.0795346449,49.584458717],[6.0790625001,49.584196782],[6.0781381517,49.5813339549],[6.0785631416,49.5808763222],[6.0782296502,49.5804146817],[6.0788110193,49.5798971798],[6.0792287826,49.5791108352],[6.0790298644,49.5782345867],[6.0793958454,49.5773769927],[6.0811283785,49.5776631758],[6.0825661587,49.5770904362],[6.083249875,49.577102155],[6.0849162423,49.5762307521],[6.0867537042,49.5765970089],[6.0911083549,49.5779712786],[6.0935072276,49.5785127528],[6.0941177985,49.5773540765],[6.09398154,49.5755669913],[6.0952691867,49.5751848698],[6.0951796221,49.5750331619],[6.0970848769,49.5726601352],[6.0981917664,49.5714537686],[6.0993599892,49.5711910662],[6.0997171238,49.5714294033],[6.100397268,49.5715722703],[6.1027786599,49.5709599537],[6.1043165921,49.5701409855],[6.1043134919,49.5699177267],[6.1036184115,49.5691707108],[6.1018534281,49.5682792524],[6.0996192313,49.5664605055],[6.1016507962,49.5650959755],[6.1017531947,49.5647175183],[6.1021177427,49.5646557305],[6.102554466,49.5648414971],[6.1042495513,49.5659521457],[6.1058879512,49.5664676293],[6.1061900082,49.5667396969],[6.107081681,49.5667929412],[6.1091468079,49.5665246773],[6.1089969037,49.5650586169],[6.1082314335,49.5620965065],[6.1125181914,49.5613288858],[6.1137146002,49.5609875323],[6.1167472703,49.5596654886],[6.1172726119,49.5598021921],[6.1212464369,49.5597834649],[6.1250079352,49.5588565957],[6.1276954029,49.5579371096],[6.1272621559,49.5571758656],[6.1275361511,49.5571199994],[6.1273386166,49.5569869264],[6.1302230506,49.5568004472],[6.1325333738,49.5563467172],[6.1356665369,49.5560586042],[6.1358355839,49.5563115874],[6.1366966479,49.5556828283],[6.136939603,49.5557950919],[6.1373159314,49.5556793306],[6.1374265939,49.5558162844],[6.1376943279,49.5556604026],[6.1378049824,49.5558125779],[6.1384356841,49.5557138435],[6.1394716648,49.5553437446],[6.1395362164,49.555425534],[6.1418029185,49.5548203694],[6.1439987692,49.5544348523],[6.1454687834,49.5539570727],[6.1460761386,49.5548014754],[6.1499025207,49.553540976],[6.1502326702,49.5541802284],[6.1522052008,49.5538417258],[6.1544773885,49.553047042],[6.1549912221,49.55358133],[6.1568777512,49.553164588],[6.1588680622,49.5557575896],[6.1604533732,49.5552822804],[6.1592067127,49.5536469647],[6.1604814277,49.5531811546],[6.1610654851,49.5537831316],[6.1626979498,49.5523888236],[6.1642928085,49.5534299712],[6.1652136419,49.5528146406],[6.165955391,49.5526671702],[6.1646502144,49.5512551157],[6.169575032,49.5499913768],[6.1695466838,49.5498839967],[6.1731411767,49.5498548362],[6.1741691873,49.5468753272],[6.1715729734,49.5455693169],[6.1733194008,49.5427482521],[6.1734407788,49.5402044005],[6.173978657,49.5401432577],[6.1732581212,49.5383748269],[6.1739066058,49.5384332964],[6.1742375376,49.5379462911],[6.1764527504,49.5359968617],[6.1748060738,49.5363624164],[6.174628555,49.535959536],[6.1740822567,49.5360345736],[6.1735658643,49.5348110199],[6.170766009,49.5351183932],[6.1708042527,49.5336610395],[6.1688826081,49.533342384],[6.1686419302,49.5332685791],[6.1687488888,49.5330547868],[6.1682051234,49.5328962883],[6.1662007594,49.5328238826],[6.1662339698,49.5320969147],[6.1645296603,49.5319481925],[6.1635191537,49.5316676417],[6.1633793089,49.5313864038],[6.1631016106,49.5315149223],[6.1626717316,49.5313914671],[6.1627683698,49.5300647405],[6.1595651771,49.5295949666],[6.1584446623,49.5288105102],[6.1554923783,49.5276667121],[6.1554097279,49.5273556825],[6.1560733271,49.5262994073],[6.1573196713,49.5263593296],[6.1603399917,49.5271870741],[6.1598650366,49.5286880151],[6.1608323357,49.5288646852],[6.1612684096,49.5285987418],[6.1614022275,49.5274653809],[6.1643796088,49.527219252],[6.1655470505,49.5263526016],[6.1661533528,49.5256067314],[6.165351539,49.5233230451],[6.165474937,49.5231906974],[6.1638546914,49.523062637],[6.1602909165,49.5238503899],[6.1588464877,49.5237142496],[6.1577826736,49.5228762837],[6.1566111881,49.521496627],[6.1554834632,49.5211092788],[6.1567063884,49.5206580861],[6.159540146,49.5187468818],[6.159739777,49.51891324],[6.1602723494,49.5185122322],[6.1605823633,49.5186122499],[6.1614553139,49.5175543986],[6.162055521,49.5178585254],[6.1625805531,49.5172821613],[6.1652306501,49.5174068813],[6.1691131183,49.5169888214],[6.1721289099,49.5170516436],[6.1716166587,49.5218083562],[6.172282738,49.5226609586],[6.1738527972,49.5236759335],[6.1744873705,49.5239038296],[6.1742831024,49.5241553513],[6.1765362608,49.5247242316],[6.1802817504,49.5252193706],[6.179820673,49.5261901224],[6.1850440047,49.5277795079],[6.1870350777,49.5255527281],[6.1889118689,49.5261594187],[6.1890702106,49.5255302524],[6.190837871,49.5259746334],[6.1907904833,49.5260662447],[6.1930441018,49.5264537129],[6.1930684485,49.5260255138],[6.1944227527,49.5256468114],[6.1959651208,49.5256282854],[6.1969926024,49.5257845251],[6.1970213199,49.5262190232],[6.1986400981,49.5266688618],[6.1988324748,49.5263824238],[6.2001144485,49.5268450288],[6.2005644385,49.526461617],[6.2024266511,49.5269320747],[6.2010374024,49.5277557979],[6.2020907243,49.5286758082],[6.2036623782,49.5306721092],[6.2051962337,49.5303784512],[6.2060694034,49.5315056663],[6.2073152017,49.5325191253],[6.2077756808,49.5323295938],[6.2097585181,49.5320313295],[6.2118596725,49.5329728704],[6.2147414481,49.5330450363],[6.2152408326,49.5332082617],[6.2150702313,49.5346162339],[6.2154796255,49.5353091622],[6.2161998162,49.5354604768],[6.2164816136,49.5363101166],[6.2160466037,49.537218143],[6.2157719854,49.5385225905],[6.2174286582,49.5408049784],[6.2198049699,49.5402625051],[6.2199376777,49.5404303447],[6.2212980609,49.5400666738],[6.2214747304,49.5396045919],[6.2195699359,49.5385140652],[6.2198938898,49.5383835471],[6.2203923582,49.5386934315],[6.2212117327,49.5368033626],[6.2261000942,49.5369516603],[6.2258825763,49.5375461645],[6.2279307844,49.5378430554],[6.2282011918,49.5387024008],[6.2287803334,49.5385398584],[6.2290754494,49.5395307914],[6.2301142125,49.5402876606],[6.2283789703,49.5409671139],[6.2294167449,49.5423338476],[6.2281494793,49.543302945],[6.2303600227,49.5445779483],[6.2292628057,49.5453859339],[6.2275026635,49.5446608687],[6.2252593997,49.5469877979],[6.2264579413,49.5474182059],[6.2247585637,49.5481132212],[6.2237382393,49.5498281554],[6.2222440646,49.5506685629],[6.2206180586,49.5520447012],[6.2195105911,49.5545225041],[6.2192148599,49.5549899042],[6.2217316644,49.5555678978],[6.2234862267,49.5561736236],[6.223789705,49.5558254666],[6.2251690831,49.5565073963],[6.2264760694,49.5568292266],[6.2271068175,49.5557398027],[6.2279581269,49.5548514262],[6.230256487,49.5530075452],[6.2317565181,49.5533475975],[6.2332630119,49.5539963807],[6.234953247,49.5533056702],[6.2354755085,49.5541979358],[6.233711531,49.5552040766],[6.2312165439,49.5576775104],[6.2310524938,49.5581087054],[6.2310242753,49.5588868362],[6.2312962432,49.55969912],[6.2319683905,49.5602020935],[6.2330721562,49.5604427013],[6.2323648975,49.5619739046],[6.2316390177,49.5626445957],[6.2338885121,49.564975795],[6.2335296417,49.5660873966],[6.2320366814,49.5676123815],[6.2324014754,49.5678945141],[6.2308223405,49.5690058794],[6.2312350327,49.5700434365],[6.2329694413,49.5699923839],[6.2365666891,49.5702090548],[6.23948026,49.5696508063],[6.2403838652,49.5685460008],[6.2416217436,49.5676632957],[6.2480414564,49.5676765409],[6.2488169204,49.5675672408],[6.2506725561,49.5678641873],[6.2537749713,49.5686450844],[6.254803549,49.569316204],[6.257505216,49.5701123636],[6.2563815892,49.5709862222],[6.2555381397,49.5721541336],[6.2553801453,49.572784986],[6.2556710822,49.5734684442],[6.2554385282,49.5744864006],[6.2566257424,49.5755587431],[6.2569266818,49.5763400937],[6.2582114784,49.57787951],[6.2594528052,49.5787764908],[6.2631884285,49.5785854056],[6.2658032193,49.5782507008],[6.2655236401,49.5785495405],[6.2656533389,49.5791197686],[6.2654157032,49.5798373754],[6.2655510906,49.579899964],[6.2658165687,49.5792008009],[6.2657714722,49.5786489236],[6.2664484273,49.5789557223],[6.2674503695,49.5799608676],[6.2672454437,49.5805019194],[6.2687547599,49.5831404575],[6.2686119156,49.5839833853],[6.2698712596,49.5843784655],[6.2710552621,49.5845940576],[6.2748101009,49.5847341161],[6.2846092063,49.5865600865],[6.2911783737,49.5862934683],[6.2919070791,49.5865614008],[6.2972629269,49.5850004524],[6.3007684712,49.5826553991],[6.3023699531,49.5837722242],[6.3028542736,49.5850134019],[6.3022704268,49.5866975854],[6.302001504,49.5888433227],[6.3013248843,49.589915166],[6.3017633971,49.5904749425],[6.2997291329,49.5911631433],[6.2996101328,49.5931356154],[6.2966512787,49.595542138],[6.2951797967,49.5982164102],[6.2933124393,49.5985923871],[6.2919765819,49.5986520605],[6.2903682103,49.5991557785],[6.2895516628,49.5997602565],[6.2891236917,49.6009538433],[6.288512585,49.6018203292],[6.2863341143,49.6018185994],[6.284935222,49.6026103139],[6.2821880114,49.602749208],[6.2807272157,49.6024930121],[6.2798318448,49.6021658944],[6.2775388711,49.6021157658],[6.2774464381,49.6016394019],[6.2764258931,49.6014347806],[6.2754099161,49.6006899388],[6.2737857129,49.6012999126],[6.2754878556,49.6035519849],[6.2760636089,49.6043398849],[6.2770199947,49.6052537272],[6.2783562044,49.6060042443],[6.2799199901,49.6074873457],[6.281855693,49.6089105645],[6.2890439204,49.6141311486],[6.3044658882,49.6260513631],[6.3055776791,49.6267197868],[6.3096337733,49.6284112486],[6.3092800971,49.628751993],[6.3092112215,49.6289089341],[6.308600864,49.6310216159],[6.3074744786,49.6329211148],[6.3039973729,49.6347039581],[6.3031724001,49.6366364677],[6.3026033752,49.6367133959],[6.3026640269,49.637288306],[6.3020291868,49.636981628],[6.3015413187,49.6375605746],[6.3006874669,49.6372316567],[6.2955633158,49.6363558056],[6.2957251883,49.6370762967],[6.2954670558,49.6382936444],[6.2939186392,49.6380465693],[6.2934328489,49.6386940624],[6.2926695128,49.6385034565],[6.2902934946,49.6406321884],[6.2900987567,49.6426084453],[6.2902097217,49.6440737178],[6.2897626855,49.6455476017],[6.2890851681,49.646503641],[6.290058785,49.6472748446],[6.2898418469,49.64716935],[6.2895127734,49.6472823995],[6.2885875409,49.6479187992],[6.2895992735,49.6481991778],[6.2890220333,49.6488420455],[6.289444764,49.649004516],[6.289180153,49.6497340414],[6.2869530467,49.6505514576],[6.2840414673,49.6513416156],[6.2817324386,49.6531075487],[6.2816602252,49.65484635],[6.2820503372,49.6572435487],[6.2811728406,49.6571347352],[6.280231009,49.6587626208],[6.2855492099,49.6594248935],[6.2856400978,49.6633981685],[6.2864023449,49.6647808642],[6.2845241136,49.66463044],[6.2836655186,49.6647860853],[6.2833656688,49.6650117798],[6.2821712983,49.6647273301],[6.2812982389,49.6648677416],[6.2803726963,49.6645927004],[6.279777146,49.6646285252],[6.2773310838,49.6690141639],[6.2786337493,49.6692436336],[6.2788814575,49.6716841032],[6.2785084642,49.6733362625],[6.2784628463,49.6759131351],[6.2779306897,49.6778996717],[6.2741032038,49.6760010631],[6.2743055769,49.6755825206],[6.2724148966,49.6750517584],[6.2712050479,49.6769630847],[6.2713418349,49.6771231617],[6.2700238461,49.6779041018],[6.2687056758,49.6761082626],[6.2677768458,49.6779496896],[6.2673871771,49.6810121372],[6.2659519993,49.6821339225],[6.2645395048,49.6837675309],[6.2638340211,49.6841204835],[6.2638638564,49.6843935118],[6.26217644,49.6840979297],[6.2611442761,49.6844500814],[6.2608021043,49.6847415462],[6.2599839531,49.6849451377],[6.2587772515,49.6857713264],[6.2575431461,49.6862868078],[6.2568718639,49.6856097405],[6.2560429437,49.68527421],[6.2555350878,49.6855380943],[6.2532885546,49.6848698838],[6.2530353589,49.685125278],[6.2527806225,49.6851280649],[6.2521287377,49.6846886386],[6.2494423737,49.6846152514],[6.2492551199,49.6852080364],[6.2487044186,49.685759998],[6.2474080887,49.6852851143],[6.2452988523,49.6849458999],[6.2411335222,49.6839629086],[6.2411947168,49.6841831642],[6.2374706292,49.6833842244],[6.2354507872,49.6837217902],[6.2342725888,49.6852403197],[6.232815056,49.6851239672],[6.2317526454,49.6848498387],[6.229331656,49.6851450385],[6.226442551,49.685252123],[6.2252839622,49.6850251414],[6.2242984391,49.683428958],[6.2235742751,49.6835133055],[6.2238253557,49.6843896236],[6.2229647412,49.6845250842],[6.2233439618,49.6855745418],[6.214953044,49.6847854794],[6.2148056729,49.6849576525],[6.2147496015,49.6850241901],[6.2141994302,49.6857240762],[6.2144769834,49.6866237168],[6.213098653,49.6884349894],[6.2120151306,49.6890626263],[6.2043286888,49.6881133454],[6.19814686,49.6882750552],[6.1962752677,49.6879082086],[6.1966917496,49.6863736657],[6.1980784294,49.6856732384],[6.1986017921,49.6847524762],[6.1937200756,49.6827113267],[6.190565291,49.6842352417],[6.1877642926,49.6844874094],[6.1810496039,49.6843759842],[6.1803313443,49.6836615172],[6.1796854979,49.6836135052],[6.1799513552,49.6843970499],[6.178963857,49.6847233796],[6.1798655489,49.6865239427],[6.1785509682,49.6867069623],[6.1748559001,49.6866961613],[6.173218102,49.6855356248],[6.169297752,49.6860200196],[6.1690309889,49.6859514597]],[[6.0310807076,49.6104016066],[6.0313550206,49.610348011],[6.0316086947,49.6107118821],[6.0313550193,49.6103480083],[6.0310807076,49.6104016066]],[[6.0334176982,49.6126023777],[6.0328062867,49.6127516676],[6.0329438055,49.6130439782],[6.0328062922,49.6127516667],[6.0334176982,49.6126023777]]]},"properties":{"CIRCONSCRIPTION":"Centre"}},
{"type":"Feature","geometry":{"type":"Polygon","coordinates":[[[5.9873181281,49.4626404286],[5.9876886563,49.4623369206],[5.9880676725,49.461293086],[5.9877834909,49.4602787032],[5.9867318418,49.4587009921],[5.9857208185,49.4557394018],[5.982359357,49.4570367303],[5.979299742,49.4552448792],[5.9787522926,49.4539921366],[5.9790898258,49.4526846386],[5.9803126735,49.4518692261],[5.9819720628,49.451067538],[5.9979347817,49.4564975425],[6.0012336002,49.4565043915],[6.0078491249,49.4516398989],[6.0114964058,49.4535189135],[6.0138164151,49.4525302787],[6.015521402,49.453631528],[6.0155925469,49.4539517098],[6.0180263172,49.4539496597],[6.01977588,49.454262281],[6.0217468866,49.4549758946],[6.0237143796,49.455022859],[6.0266943996,49.4541950971],[6.02807474,49.4557491047],[6.0292821881,49.4550472556],[6.0272486666,49.4537740796],[6.0259204975,49.4518510345],[6.0258782155,49.4507275258],[6.026356154,49.4501730787],[6.0268407254,49.4485958822],[6.0272512612,49.4482610058],[6.028703629,49.4491612506],[6.0293216463,49.4493397462],[6.032581545,49.4495358198],[6.0343322895,49.4493057353],[6.0361390529,49.4487432989],[6.0382341514,49.4485899258],[6.0417731537,49.4478586751],[6.0447207565,49.4523785818],[6.0457111382,49.4533220982],[6.0469199747,49.4550872287],[6.0469311249,49.4555526272],[6.0494822798,49.4587229119],[6.0499042429,49.4596737326],[6.0530944926,49.463902517],[6.0544894084,49.4645767166],[6.0559749407,49.4648800444],[6.0566208294,49.4651758368],[6.0571669587,49.4654526851],[6.0581049539,49.4664378165],[6.061133695,49.4653895323],[6.0636561906,49.4649904856],[6.0662449189,49.4648255284],[6.0695428427,49.4649778934],[6.0714926677,49.4655490997],[6.0722329455,49.4656121001],[6.0730766372,49.4649542902],[6.0736681144,49.4636467169],[6.079227324,49.4638703843],[6.0793839732,49.462615786],[6.0800718619,49.4614444428],[6.080063776,49.4605124412],[6.0805241386,49.4596668377],[6.080755907,49.4585423961],[6.0830507973,49.4576444702],[6.0846200363,49.456699534],[6.0847487288,49.4567790635],[6.0859850111,49.4561072495],[6.0855700746,49.4557307188],[6.0862287521,49.4553566516],[6.0884124875,49.4546064021],[6.0903219728,49.4544266216],[6.0903770143,49.4542523808],[6.0920786909,49.4542857234],[6.0923203807,49.4531396851],[6.0962240653,49.4535089268],[6.0961815786,49.45324668],[6.0997973751,49.4530949229],[6.0997875669,49.4529959416],[6.100773128,49.4528887608],[6.1008804943,49.4535044081],[6.1016286704,49.4543003622],[6.1008606627,49.4566401021],[6.1010203899,49.4578651332],[6.0999177555,49.4590351113],[6.099793064,49.4597874703],[6.0987830695,49.4606290683],[6.0987481805,49.4613546493],[6.099125446,49.4622256549],[6.0980927165,49.463475525],[6.0982045528,49.4642700119],[6.0997180186,49.4659791933],[6.0998065076,49.4674641369],[6.1004695519,49.4682176083],[6.1015647593,49.4690026024],[6.1025987668,49.4694037165],[6.1019786678,49.470381865],[6.10406286,49.4711562485],[6.1060246404,49.4713988071],[6.1094794684,49.4725211584],[6.1110770408,49.4725545289],[6.112143174,49.4720655416],[6.1126052861,49.4716796688],[6.112770936,49.4712175803],[6.113222812,49.4711326632],[6.1137942845,49.4705854532],[6.1141889521,49.4704870641],[6.1148017824,49.4708451579],[6.1177915726,49.4713628576],[6.1192078768,49.4720438914],[6.1198837144,49.4720499783],[6.1212844819,49.4724446459],[6.1234488992,49.47346606],[6.1225617801,49.4751514026],[6.1229980597,49.476518504],[6.1243682802,49.4775271769],[6.1254242903,49.4795172184],[6.1274702684,49.4823052842],[6.1267461353,49.4900244324],[6.1275335513,49.4914128007],[6.1278281429,49.4927016169],[6.128035636,49.4939220967],[6.1280712977,49.4939125961],[6.1302146704,49.4925596158],[6.1317476051,49.4906277641],[6.1327925773,49.4899945606],[6.1337294321,49.4899773567],[6.1364984311,49.490658794],[6.1372214158,49.4907071494],[6.1389398166,49.4912948685],[6.1417758642,49.4916839641],[6.1416446956,49.4906260052],[6.1408303039,49.488299451],[6.1407653587,49.4866739904],[6.1422352927,49.4869016505],[6.1426683216,49.4872132341],[6.1446960293,49.4878915554],[6.1486246363,49.4900800977],[6.1503773257,49.4908715096],[6.1531347867,49.4917122843],[6.1528054269,49.4927412039],[6.1550287626,49.4933125075],[6.1558532786,49.4933926309],[6.1573328177,49.4914797034],[6.1594345625,49.4917711153],[6.1618316884,49.4926677897],[6.1624900692,49.4934858093],[6.1622911293,49.493834623],[6.1612632422,49.4944586346],[6.1611137448,49.4943890261],[6.1603595576,49.495313592],[6.1596239487,49.4958880555],[6.1582847264,49.4962266755],[6.1570819468,49.4970641676],[6.156254003,49.4980164466],[6.153887794,49.5016340485],[6.1547972112,49.5020532191],[6.1546864234,49.502151139],[6.1555397298,49.5028298007],[6.1560611543,49.5035417099],[6.1559576078,49.5036661466],[6.1565455071,49.5040141335],[6.1571125798,49.5042342162],[6.1573477265,49.5039684756],[6.1583196808,49.5042868147],[6.1585396515,49.5040023509],[6.1616525585,49.5049216733],[6.1619352052,49.5041458928],[6.163626677,49.5045436909],[6.1653221723,49.505499321],[6.171991007,49.5081463888],[6.1735323773,49.5094118295],[6.1751392931,49.5103469188],[6.17620557,49.5102473537],[6.1768574466,49.5099782139],[6.1769028763,49.5088684314],[6.1766016006,49.5086097177],[6.178306303,49.5069591044],[6.180255006,49.5072867279],[6.1808406718,49.5080131552],[6.1827281523,49.5077607064],[6.1871694453,49.5068218249],[6.1883602168,49.506373323],[6.1913586561,49.5059785905],[6.1952437224,49.5064256542],[6.1957591074,49.5053598685],[6.2025009382,49.5070123737],[6.2074026645,49.5062522803],[6.2091631124,49.5061945705],[6.2145010369,49.5063485895],[6.21723036,49.5068979707],[6.2170345451,49.5078597319],[6.2173029041,49.5078871289],[6.2168108401,49.5087756316],[6.2163688249,49.509016055],[6.2171293035,49.509758507],[6.218102388,49.5099630635],[6.2183694583,49.5094050264],[6.2198669325,49.5095444279],[6.2200018862,49.5087712526],[6.2245733911,49.5095291621],[6.2275745478,49.5103567819],[6.2282709782,49.5095105283],[6.2292314193,49.5095983376],[6.2323052661,49.5093783977],[6.2338328956,49.5090004749],[6.2361636035,49.508152187],[6.2387492293,49.5120440314],[6.2389582563,49.513503472],[6.2395529042,49.5139593577],[6.2404631463,49.5142506019],[6.2406510528,49.5149372089],[6.2406454082,49.5150224486],[6.2383306923,49.5168618472],[6.2372532571,49.5170125217],[6.2351323359,49.5166134733],[6.234656606,49.5174891027],[6.2354866487,49.5178107507],[6.2365257014,49.5198686105],[6.2370705446,49.5205167779],[6.2371999658,49.521184202],[6.2380196145,49.5219331778],[6.2388749116,49.523412296],[6.238659594,49.5234641012],[6.2394926127,49.5246687108],[6.2378180368,49.5259985265],[6.2375548185,49.5258862976],[6.2360362448,49.5269689969],[6.2363876802,49.5272034649],[6.2353127362,49.5279929663],[6.2397096255,49.5303655713],[6.2367526283,49.5332518197],[6.2358035705,49.5335937701],[6.2354366664,49.5331842975],[6.2337281387,49.5336525518],[6.2318786461,49.5356011396],[6.2308453943,49.5376718091],[6.2288005297,49.5375592858],[6.2291629821,49.5384324622],[6.2287803334,49.5385398584],[6.2282011918,49.5387024008],[6.2279307844,49.5378430554],[6.2258825763,49.5375461645],[6.2261000942,49.5369516603],[6.2212117327,49.5368033626],[6.2203923582,49.5386934315],[6.2198938898,49.5383835471],[6.2195699359,49.5385140652],[6.2214747304,49.5396045919],[6.2212980609,49.5400666738],[6.2199376777,49.5404303447],[6.2198049699,49.5402625051],[6.2174286582,49.5408049784],[6.2157719854,49.5385225905],[6.2160466037,49.537218143],[6.2164816136,49.5363101166],[6.2161998162,49.5354604768],[6.2154796255,49.5353091622],[6.2150702313,49.5346162339],[6.2152408326,49.5332082617],[6.2147414481,49.5330450363],[6.2118596725,49.5329728704],[6.2097585181,49.5320313295],[6.2077756808,49.5323295938],[6.2073152017,49.5325191253],[6.2060694034,49.5315056663],[6.2051962337,49.5303784512],[6.2036623782,49.5306721092],[6.2020907243,49.5286758082],[6.2010374024,49.5277557979],[6.2024266511,49.5269320747],[6.2005644385,49.526461617],[6.2001144485,49.5268450288],[6.1988324748,49.5263824238],[6.1986400981,49.5266688618],[6.1970213199,49.5262190232],[6.1969926024,49.5257845251],[6.1959651208,49.5256282854],[6.1944227527,49.5256468114],[6.1930684485,49.5260255138],[6.1930441018,49.5264537129],[6.1907904833,49.5260662447],[6.190837871,49.5259746334],[6.1890702106,49.5255302524],[6.1889118689,49.5261594187],[6.1870350777,49.5255527281],[6.1850440047,49.5277795079],[6.179820673,49.5261901224],[6.1802817504,49.5252193706],[6.1765362608,49.5247242316],[6.1742831024,49.5241553513],[6.1744873705,49.5239038296],[6.1738527972,49.5236759335],[6.172282738,49.5226609586],[6.1716166587,49.5218083562],[6.1721289099,49.5170516436],[6.1691131183,49.5169888214],[6.1652306501,49.5174068813],[6.1625805531,49.5172821613],[6.162055521,49.5178585254],[6.1614553139,49.5175543986],[6.1605823633,49.5186122499],[6.1602723494,49.5185122322],[6.159739777,49.51891324],[6.159540146,49.5187468818],[6.1567063884,49.5206580861],[6.1554834632,49.5211092788],[6.1566111881,49.521496627],[6.1577826736,49.5228762837],[6.1588464877,49.5237142496],[6.1602909165,49.5238503899],[6.1638546914,49.523062637],[6.165474937,49.5231906974],[6.165351539,49.5233230451],[6.1661533528,49.5256067314],[6.1655470505,49.5263526016],[6.1643796088,49.527219252],[6.1614022275,49.5274653809],[6.1612684096,49.5285987418],[6.1608323357,49.5288646852],[6.1598650366,49.5286880151],[6.1603399917,49.5271870741],[6.1573196713,49.5263593296],[6.1560733271,49.5262994073],[6.1554097279,49.5273556825],[6.1554923783,49.5276667121],[6.1584446623,49.5288105102],[6.1595651771,49.5295949666],[6.1627683698,49.5300647405],[6.1626717316,49.5313914671],[6.1631016106,49.5315149223],[6.1633793089,49.5313864038],[6.1635191537,49.5316676417],[6.1645296603,49.5319481925],[6.1662339698,49.5320969147],[6.1662007594,49.5328238826],[6.1682051234,49.5328962883],[6.1687488888,49.5330547868],[6.1686419302,49.5332685791],[6.1688826081,49.533342384],[6.1708042527,49.5336610395],[6.170766009,49.5351183932],[6.1735658643,49.5348110199],[6.1740822567,49.5360345736],[6.174628555,49.535959536],[6.1748060738,49.5363624164],[6.1764527504,49.5359968617],[6.1742375376,49.5379462911],[6.1739066058,49.5384332964],[6.1732581212,49.5383748269],[6.173978657,49.5401432577],[6.1734407788,49.5402044005],[6.1733194008,49.5427482521],[6.1715729734,49.5455693169],[6.1741691873,49.5468753272],[6.1731411767,49.5498548362],[6.1695466838,49.5498839967],[6.169575032,49.5499913768],[6.1646502144,49.5512551157],[6.165955391,49.5526671702],[6.1652136419,49.5528146406],[6.1642928085,49.5534299712],[6.1626979498,49.5523888236],[6.1610654851,49.5537831316],[6.1604814277,49.5531811546],[6.1592067127,49.5536469647],[6.1604533732,49.5552822804],[6.1588680622,49.5557575896],[6.1568777512,49.553164588],[6.1549912221,49.55358133],[6.1544773885,49.553047042],[6.1522052008,49.5538417258],[6.1502326702,49.5541802284],[6.1499025207,49.553540976],[6.1460761386,49.5548014754],[6.1454687834,49.5539570727],[6.1439987692,49.5544348523],[6.1418029185,49.5548203694],[6.1395362164,49.555425534],[6.1394716648,49.5553437446],[6.1384356841,49.5557138435],[6.1378049824,49.5558125779],[6.1376943279,49.5556604026],[6.1374265939,49.5558162844],[6.1373159314,49.5556793306],[6.136939603,49.5557950919],[6.1366966479,49.5556828283],[6.1358355839,49.5563115874],[6.1356665369,49.5560586042],[6.1325333738,49.5563467172],[6.1302230506,49.5568004472],[6.1273386166,49.5569869264],[6.1275361511,49.5571199994],[6.1272621559,49.5571758656],[6.1276954029,49.5579371096],[6.1250079352,49.5588565957],[6.1212464369,49.5597834649],[6.1172726119,49.5598021921],[6.1167472703,49.5596654886],[6.1137146002,49.5609875323],[6.1125181914,49.5613288858],[6.1082314335,49.5620965065],[6.1089969037,49.5650586169],[6.1091468079,49.5665246773],[6.107081681,49.5667929412],[6.1061900082,49.5667396969],[6.1058879512,49.5664676293],[6.1042495513,49.5659521457],[6.102554466,49.5648414971],[6.1021177427,49.5646557305],[6.1017531947,49.5647175183],[6.1016507962,49.5650959755],[6.0996192313,49.5664605055],[6.1018534281,49.5682792524],[6.1036184115,49.5691707108],[6.1043134919,49.5699177267],[6.1043165921,49.5701409855],[6.1027786599,49.5709599537],[6.100397268,49.5715722703],[6.0997171238,49.5714294033],[6.0993599892,49.5711910662],[6.0981917664,49.5714537686],[6.0970848769,49.5726601352],[6.0951796221,49.5750331619],[6.0952691867,49.5751848698],[6.09398154,49.5755669913],[6.0941177985,49.5773540765],[6.0935072276,49.5785127528],[6.0911083549,49.5779712786],[6.0867537042,49.5765970089],[6.0849162423,49.5762307521],[6.083249875,49.577102155],[6.0825661587,49.5770904362],[6.0811283785,49.5776631758],[6.0793958454,49.5773769927],[6.0790298644,49.5782345867],[6.0792287826,49.5791108352],[6.0788110193,49.5798971798],[6.0782296502,49.5804146817],[6.0785631416,49.5808763222],[6.0781381517,49.5813339549],[6.0790625001,49.584196782],[6.0795346449,49.584458717],[6.0797568034,49.5843674642],[6.0792862986,49.5852396883],[6.0769627112,49.5866961927],[6.07622517,49.5872752046],[6.0767548048,49.5875002428],[6.0761928437,49.5893524053],[6.0743630032,49.5893943067],[6.0742320692,49.5897740009],[6.0737636233,49.5893376124],[6.072942096,49.5893132368],[6.0709791934,49.5876886945],[6.0705867553,49.5888105838],[6.0698784372,49.5886615394],[6.0692871725,49.5898225026],[6.064222048,49.588499814],[6.059864525,49.5876645973],[6.0572238465,49.5875232695],[6.0518532079,49.5865548494],[6.0493118525,49.5858568407],[6.0466084827,49.5848430127],[6.044394496,49.5848606447],[6.0418039241,49.5842760744],[6.0398929847,49.5842384555],[6.040705968,49.5848645122],[6.0410642016,49.5854358434],[6.0407659729,49.5862714871],[6.0397313356,49.5866972379],[6.0372652872,49.586074761],[6.0374384751,49.585875606],[6.0342257376,49.5858078172],[6.032363547,49.5855947957],[6.0327054774,49.5841098911],[6.033716521,49.5825062587],[6.0295149442,49.5818711359],[6.0294325441,49.5821405356],[6.0282193613,49.5817908977],[6.0275279188,49.5836243919],[6.0269028449,49.5846722165],[6.0255356555,49.5842622857],[6.0248413274,49.5848119105],[6.0241288136,49.5841457485],[6.022774827,49.5834734606],[6.0224663749,49.5831244115],[6.0216706194,49.5835960999],[6.0205185047,49.5834785261],[6.0144375842,49.5816539641],[6.0146030511,49.5814900328],[6.0138727605,49.5810098356],[6.0095324728,49.5797190748],[6.0098770204,49.5794118429],[6.0076223885,49.5788240768],[6.0075003486,49.5785825885],[6.0069937549,49.5783981921],[6.0071305711,49.5780866076],[6.0055781707,49.5775014249],[6.0052282361,49.5770927237],[6.0056287552,49.5768799348],[6.0036735009,49.5759894294],[6.0007868152,49.5734356112],[6.0008772298,49.5725016595],[6.0004840837,49.5723564995],[6.0007175577,49.571916651],[5.9999953213,49.5717707187],[5.9999662028,49.5720465765],[5.9979307782,49.5716288414],[5.9994779838,49.5702680302],[5.9975946566,49.5691474796],[5.9970456301,49.5692579562],[5.9964341709,49.5687100388],[5.9942478886,49.569081405],[5.9942103927,49.5687264624],[5.993008621,49.5684691784],[5.9930471757,49.5683608041],[5.9942128746,49.5685561662],[5.9944943961,49.5668161217],[5.9935425264,49.5667096275],[5.9936454177,49.5659960254],[5.9931122051,49.5651927349],[5.9926500976,49.5648755619],[5.991636298,49.5651973744],[5.9900823032,49.5654003267],[5.990017796,49.5650927781],[5.9883230799,49.5645148678],[5.9880167666,49.564776367],[5.9862741946,49.5640058536],[5.9859889072,49.5642799588],[5.9831494891,49.5629393402],[5.9826598464,49.563316105],[5.9808330148,49.5625767448],[5.9798496944,49.5640574987],[5.980083034,49.5641394253],[5.9796232836,49.5645593736],[5.9799796151,49.5646981255],[5.9791397559,49.565319405],[5.9785866703,49.5659886189],[5.9796191537,49.5665175787],[5.9775339936,49.5678410111],[5.9752646051,49.5682864456],[5.9726938143,49.5671839295],[5.9715336235,49.5681026239],[5.9712581218,49.5682435604],[5.9711253144,49.5679563583],[5.9705321058,49.5683958245],[5.9710761029,49.5702916162],[5.9696566758,49.5705988635],[5.9666362331,49.570412849],[5.9611306778,49.568154644],[5.9609266854,49.5684074693],[5.9610741214,49.5683814691],[5.9615918427,49.5689248845],[5.9593447538,49.5694348362],[5.9585513662,49.5692442812],[5.9578880924,49.5688231014],[5.9570736711,49.5679936374],[5.9560977465,49.5673718457],[5.9553036574,49.5664086638],[5.9547984083,49.5654119036],[5.95497062,49.5647905313],[5.9546008742,49.5637205972],[5.9528643011,49.5620334897],[5.951228834,49.5615994254],[5.9511628582,49.5610796354],[5.9493854178,49.5597748705],[5.9483365979,49.5596813893],[5.947430459,49.5608920304],[5.9458679524,49.5612306959],[5.9430068085,49.5622357056],[5.9426395409,49.5622688539],[5.9423838291,49.5619361368],[5.941901754,49.5618489298],[5.9401983415,49.5620590224],[5.9378518247,49.5618540204],[5.9370338689,49.5615056552],[5.9377269931,49.5594620893],[5.931714881,49.5570858663],[5.9282197225,49.556304289],[5.9255567526,49.5554808927],[5.9238405853,49.5551870457],[5.9219354762,49.5550574898],[5.9205479562,49.5547499312],[5.9204089017,49.5550007292],[5.9165558805,49.5539156287],[5.9160436458,49.5543898057],[5.9127302827,49.5541180039],[5.911668875,49.5538009764],[5.9089072557,49.5524117167],[5.9060230153,49.5520394129],[5.9048092307,49.5522137468],[5.9036207768,49.5518191236],[5.9038691162,49.5512897262],[5.9042838238,49.5512672203],[5.9035463252,49.5509830418],[5.9024386611,49.5501531509],[5.9007396834,49.5493781376],[5.8985431234,49.5471101935],[5.8900469795,49.5462030836],[5.8899942241,49.5465714492],[5.8868884875,49.5465170068],[5.88531565,49.5468039498],[5.8852960504,49.5470425982],[5.8856951044,49.5483591407],[5.8857143113,49.5492299228],[5.8850566393,49.5502614358],[5.8862384751,49.5521531007],[5.887188816,49.5541895521],[5.8866817999,49.5554855966],[5.8872854281,49.5561009707],[5.8874633312,49.5569357122],[5.8870343939,49.5575054745],[5.8865821334,49.5574595401],[5.8866099652,49.5581333016],[5.8864847906,49.558250278],[5.8861878777,49.5581898834],[5.8853171856,49.5596748394],[5.8853125054,49.560245349],[5.8857356709,49.5610505156],[5.8856275412,49.5616486458],[5.8761034273,49.560784728],[5.8757938643,49.5615558344],[5.8750814652,49.5614289453],[5.87423005,49.5635580957],[5.8723366264,49.5650501147],[5.8720568823,49.564933012],[5.8712959629,49.5657327863],[5.8718103766,49.5659398975],[5.8711201087,49.5670591334],[5.8713391303,49.5670807237],[5.8711321693,49.5673369888],[5.8716371015,49.5675441754],[5.8711251943,49.5678296915],[5.8704941037,49.5675788783],[5.8692180362,49.5689597862],[5.8653316168,49.5717113702],[5.8632510551,49.5704937561],[5.8623754242,49.57070429],[5.8619143431,49.5706004054],[5.8612553324,49.5708038596],[5.8605026286,49.5701503645],[5.8604305153,49.5696919338],[5.861070404,49.5682335929],[5.8610881081,49.5670361258],[5.8597836031,49.5665235386],[5.8579903272,49.5662065455],[5.8558279507,49.56623789],[5.8537370491,49.5651667831],[5.8520762644,49.5652747064],[5.8509438731,49.5638275309],[5.8511503863,49.5627874298],[5.8509475289,49.5629897777],[5.8501972613,49.5632102366],[5.8499557737,49.5631570398],[5.8474271592,49.56212657],[5.8465124322,49.5620992593],[5.8459026009,49.5614090745],[5.8450415051,49.5609868142],[5.8436046363,49.5606812168],[5.8428048903,49.5609304229],[5.8434817507,49.5602305179],[5.8458549506,49.5587685166],[5.8453257205,49.5585810468],[5.8463064017,49.5577064364],[5.8458576015,49.5574503921],[5.8462044128,49.5568673463],[5.8460028719,49.5566630846],[5.8460973094,49.5562607609],[5.8449676586,49.5561232488],[5.8443521373,49.555484711],[5.8435442814,49.5552261628],[5.8436602285,49.5544240665],[5.84276918,49.5543096595],[5.8419903143,49.5545118502],[5.8421663913,49.5537906824],[5.8419561229,49.5530965622],[5.8377886573,49.552865292],[5.8355891217,49.5524504806],[5.8313653903,49.5508999828],[5.8302679281,49.5507678599],[5.8280038728,49.5499922353],[5.8266920689,49.5514556433],[5.8264005615,49.5520410599],[5.8260520973,49.5522074927],[5.824900352,49.55177446],[5.8239633637,49.551158859],[5.8226491754,49.549678279],[5.8222680298,49.5496174964],[5.8214217892,49.549842653],[5.820196559,49.5491845487],[5.8198546059,49.5480915419],[5.8200823167,49.5475542863],[5.8190745364,49.5470888993],[5.8179478547,49.5457474358],[5.8141655849,49.5444745839],[5.8105581158,49.5434775991],[5.8105198062,49.5431768805],[5.8081259655,49.5425634656],[5.8085477817,49.5409107555],[5.8119364223,49.5420108357],[5.8133122853,49.5414984391],[5.8143198523,49.5400110826],[5.815401112,49.5391273994],[5.8154340896,49.5384924555],[5.81601163,49.5374969216],[5.8172141454,49.5377080716],[5.8171694294,49.5370264169],[5.8215675692,49.5380509613],[5.8224968445,49.5385703282],[5.8227156737,49.5380242648],[5.824435877,49.5391688291],[5.8280188261,49.5401062294],[5.8280104851,49.5403331771],[5.8289724542,49.5407220183],[5.8315265338,49.5411759104],[5.8338475593,49.5418121703],[5.8350738175,49.5423388904],[5.8369224303,49.5426665136],[5.8391569487,49.5373154043],[5.8435065038,49.532869262],[5.845808449,49.5299027476],[5.8430256263,49.5294999312],[5.8406808217,49.5287724455],[5.8382594368,49.5277672634],[5.834870645,49.5271143435],[5.8341152102,49.5263846879],[5.834418094,49.5256131383],[5.8342997631,49.5237214],[5.8346374205,49.5237763449],[5.8347126938,49.5228741995],[5.8353410722,49.5229526712],[5.8357675798,49.5226779999],[5.8357533431,49.522087069],[5.8361919357,49.5213260359],[5.8358379879,49.5209984817],[5.8359340779,49.5202758314],[5.8362725589,49.5197879953],[5.8375509035,49.5194265314],[5.8382189318,49.5194888445],[5.8397038258,49.5185740521],[5.8397402068,49.5179115421],[5.8400819958,49.517855451],[5.8401079422,49.5175659997],[5.8412637048,49.5168909587],[5.8421157007,49.5168311999],[5.8428388061,49.5164354421],[5.8431637152,49.5164907941],[5.8435720314,49.5163124552],[5.843514089,49.5160860034],[5.8439878727,49.5158279237],[5.844994208,49.5155246352],[5.8454329805,49.5156609037],[5.846266864,49.5154337383],[5.8465921149,49.5151955378],[5.8477925258,49.5149641975],[5.8479297539,49.514694041],[5.8484021117,49.5145307062],[5.8491653265,49.5127300046],[5.848914615,49.5104126757],[5.8493575811,49.5099879993],[5.8497646096,49.5089128188],[5.8505367595,49.5082390678],[5.8509321285,49.5080645245],[5.8513668532,49.5081011284],[5.8532240021,49.5070550424],[5.8536784753,49.5071784111],[5.8542615009,49.5068507326],[5.8546599843,49.5068921892],[5.8549699105,49.5066037797],[5.8551209769,49.5067550414],[5.8554253141,49.5065525353],[5.8557400974,49.5066071685],[5.8558803516,49.5064326495],[5.8562439962,49.5065615271],[5.8563744265,49.5063159147],[5.8568967733,49.5063959988],[5.8572099896,49.5062223736],[5.8573441154,49.506346038],[5.8578705763,49.506089256],[5.858879926,49.5059198861],[5.858854468,49.5056450027],[5.8591878795,49.5054107534],[5.8591217928,49.5051921636],[5.8593927123,49.5050018221],[5.8597214311,49.5042220635],[5.8599510161,49.5042154536],[5.8605630414,49.5036711056],[5.8611240554,49.5035824006],[5.8612796704,49.503328982],[5.8620320076,49.5031641016],[5.8622311068,49.502053019],[5.8641092413,49.5009387046],[5.8643825789,49.5009848888],[5.8662623496,49.4999132697],[5.8670835162,49.4999586865],[5.8696854133,49.4992811595],[5.8719232896,49.5002648831],[5.8724764733,49.4996288542],[5.8724624474,49.4991116991],[5.872981709,49.498677919],[5.8736533266,49.4984627936],[5.8755307948,49.4983878355],[5.8756296286,49.4982566693],[5.8773073423,49.4985003481],[5.8786687945,49.4989454711],[5.87894204,49.4987727481],[5.8818249099,49.4991681263],[5.8843579626,49.4987641511],[5.8850757442,49.4988332928],[5.8871436115,49.4982079359],[5.8885168323,49.4971175814],[5.889353831,49.4967562786],[5.8901601804,49.496682075],[5.8932461356,49.4968323212],[5.8948233041,49.4965770451],[5.89614217,49.4965488805],[5.8977855923,49.4968183014],[5.9023466229,49.4980319451],[5.9034092329,49.4981236016],[5.9041146634,49.49873856],[5.9072639782,49.5000843682],[5.907371892,49.5016123749],[5.9076748015,49.5021314865],[5.9085980095,49.5015906482],[5.9099479827,49.501828247],[5.913072853,49.5019864393],[5.9157576929,49.501437505],[5.9176863795,49.500712343],[5.9200138206,49.5002318874],[5.9205979036,49.5009845812],[5.9219453229,49.5007277083],[5.9239022142,49.4993656928],[5.9275384841,49.4983826792],[5.9305574528,49.5006438205],[5.9319992358,49.4998228896],[5.9321206606,49.4999131562],[5.932410161,49.4995739313],[5.9341410281,49.5006178641],[5.9349260127,49.5002323095],[5.93597534,49.5008600721],[5.9401183622,49.5009622726],[5.9431541175,49.500231697],[5.9426420879,49.4993770633],[5.9427366214,49.4991693975],[5.9424046912,49.4989808282],[5.9419930965,49.4983499973],[5.941968395,49.497996173],[5.943030843,49.4959209846],[5.9438224387,49.4951792411],[5.9445147786,49.4955840646],[5.943781734,49.4965098766],[5.9434182599,49.4974024485],[5.945184428,49.4976445676],[5.9462079771,49.4976035856],[5.9462873712,49.4970014536],[5.9491113909,49.4965045552],[5.9488600341,49.4958555197],[5.9511532309,49.4951710192],[5.9520444812,49.4941418582],[5.9537467407,49.494014046],[5.9544721348,49.4941262347],[5.9551629949,49.4930915918],[5.9569496716,49.4935404745],[5.9584608406,49.4931998645],[5.9590170585,49.4933745227],[5.9608905601,49.4930620906],[5.9634011753,49.4928987833],[5.9645945959,49.4930047459],[5.9652348988,49.4927591023],[5.9654929274,49.4920383779],[5.9660189101,49.4921468555],[5.9661299455,49.4913437033],[5.9679440555,49.4915175942],[5.9679363168,49.4917748638],[5.9690908827,49.4915036495],[5.9696279346,49.4912184862],[5.9721114693,49.4914129819],[5.9729905474,49.4905271651],[5.9738239504,49.4891261504],[5.9708365515,49.4883572525],[5.970644421,49.4880975391],[5.970106814,49.4879259174],[5.9701197778,49.4876877177],[5.9681054497,49.4863961438],[5.9710362212,49.4833283799],[5.9714104544,49.4830669292],[5.9729685307,49.4834112219],[5.9731778453,49.4828271447],[5.9748036679,49.481999756],[5.9749757901,49.4815711615],[5.9749248057,49.4806356133],[5.9746360226,49.4803429725],[5.9745300861,49.4798146883],[5.9750351832,49.4787963925],[5.9750042862,49.4781901356],[5.9742866097,49.4769481531],[5.9724135227,49.4755305245],[5.9696459383,49.4755080551],[5.969833498,49.4752435299],[5.97121459,49.4745117901],[5.9715942462,49.474645404],[5.9723100679,49.4743784851],[5.9724709125,49.4734347137],[5.9722220794,49.4723936324],[5.9727956807,49.4710154699],[5.9719401638,49.4695669447],[5.9736263574,49.4685917491],[5.9740051382,49.4654859387],[5.9757566598,49.4634282936],[5.9757782206,49.4627875327],[5.9774784829,49.4625329061],[5.9779641583,49.4621936261],[5.9787193315,49.4611844686],[5.9793095725,49.4609063319],[5.9814384355,49.4612191413],[5.981989132,49.4627806789],[5.9825788112,49.4635186604],[5.9873181281,49.4626404286]]]},"properties":{"CIRCONSCRIPTION":"Sud"}},
{"type":"Feature","geometry":{"type":"Polygon","coordinates":[[[6.3031724001,49.6366364677],[6.3039973729,49.6347039581],[6.3074744786,49.6329211148],[6.308600864,49.6310216159],[6.3092112215,49.6289089341],[6.3092800971,49.628751993],[6.3096337768,49.62841125],[6.3100153884,49.6283039516],[6.3096337733,49.6284112486],[6.3055776791,49.6267197868],[6.3044658882,49.6260513631],[6.2890439204,49.6141311486],[6.281855693,49.6089105645],[6.2799199901,49.6074873457],[6.2783562044,49.6060042443],[6.2770199947,49.6052537272],[6.2760636089,49.6043398849],[6.2754878556,49.6035519849],[6.2737857129,49.6012999126],[6.2754099161,49.6006899388],[6.2764258931,49.6014347806],[6.2774464381,49.6016394019],[6.2775388711,49.6021157658],[6.2798318448,49.6021658944],[6.2807272157,49.6024930121],[6.2821880114,49.602749208],[6.284935222,49.6026103139],[6.2863341143,49.6018185994],[6.288512585,49.6018203292],[6.2891236917,49.6009538433],[6.2895516628,49.5997602565],[6.2903682103,49.5991557785],[6.2919765819,49.5986520605],[6.2933124393,49.5985923871],[6.2951797967,49.5982164102],[6.2966512787,49.595542138],[6.2996101328,49.5931356154],[6.2997291329,49.5911631433],[6.3017633971,49.5904749425],[6.3013248843,49.589915166],[6.302001504,49.5888433227],[6.3022704268,49.5866975854],[6.3028542736,49.5850134019],[6.3023699531,49.5837722242],[6.3007684712,49.5826553991],[6.2972629269,49.5850004524],[6.2919070791,49.5865614008],[6.2911783737,49.5862934683],[6.2846092063,49.5865600865],[6.2748101009,49.5847341161],[6.2710552621,49.5845940576],[6.2698712596,49.5843784655],[6.2686119156,49.5839833853],[6.2687547599,49.5831404575],[6.2672454437,49.5805019194],[6.2674503695,49.5799608676],[6.2664484273,49.5789557223],[6.2657714722,49.5786489236],[6.2658165687,49.5792008009],[6.2655510906,49.579899964],[6.2654157032,49.5798373754],[6.2656533389,49.5791197686],[6.2655236401,49.5785495405],[6.2658032193,49.5782507008],[6.2631884285,49.5785854056],[6.2594528052,49.5787764908],[6.2582114784,49.57787951],[6.2569266818,49.5763400937],[6.2566257424,49.5755587431],[6.2554385282,49.5744864006],[6.2556710822,49.5734684442],[6.2553801453,49.572784986],[6.2555381397,49.5721541336],[6.2563815892,49.5709862222],[6.257505216,49.5701123636],[6.254803549,49.569316204],[6.2537749713,49.5686450844],[6.2506725561,49.5678641873],[6.2488169204,49.5675672408],[6.2480414564,49.5676765409],[6.2416217436,49.5676632957],[6.2403838652,49.5685460008],[6.23948026,49.5696508063],[6.2365666891,49.5702090548],[6.2329694413,49.5699923839],[6.2312350327,49.5700434365],[6.2308223405,49.5690058794],[6.2324014754,49.5678945141],[6.2320366814,49.5676123815],[6.2335296417,49.5660873966],[6.2338885121,49.564975795],[6.2316390177,49.5626445957],[6.2323648975,49.5619739046],[6.2330721562,49.5604427013],[6.2319683905,49.5602020935],[6.2312962432,49.55969912],[6.2310242753,49.5588868362],[6.2310524938,49.5581087054],[6.2312165439,49.5576775104],[6.233711531,49.5552040766],[6.2354755085,49.5541979358],[6.234953247,49.5533056702],[6.2332630119,49.5539963807],[6.2317565181,49.5533475975],[6.230256487,49.5530075452],[6.2279581269,49.5548514262],[6.2271068175,49.5557398027],[6.2264760694,49.5568292266],[6.2251690831,49.5565073963],[6.223789705,49.5558254666],[6.2234862267,49.5561736236],[6.2217316644,49.5555678978],[6.2192148599,49.5549899042],[6.2195105911,49.5545225041],[6.2206180586,49.5520447012],[6.2222440646,49.5506685629],[6.2237382393,49.5498281554],[6.2247585637,49.5481132212],[6.2264579413,49.5474182059],[6.2252593997,49.5469877979],[6.2275026635,49.5446608687],[6.2292628057,49.5453859339],[6.2303600227,49.5445779483],[6.2281494793,49.543302945],[6.2294167449,49.5423338476],[6.2283789703,49.5409671139],[6.2301142125,49.5402876606],[6.2290754494,49.5395307914],[6.2287803334,49.5385398584],[6.2291629821,49.5384324622],[6.2288005297,49.5375592858],[6.2308453943,49.5376718091],[6.2318786461,49.5356011396],[6.2337281387,49.5336525518],[6.2354366664,49.5331842975],[6.2358035705,49.5335937701],[6.2367526283,49.5332518197],[6.2397096255,49.5303655713],[6.2353127362,49.5279929663],[6.2363876802,49.5272034649],[6.2360362448,49.5269689969],[6.2375548185,49.5258862976],[6.2378180368,49.5259985265],[6.2394926127,49.5246687108],[6.238659594,49.5234641012],[6.2388749116,49.523412296],[6.2380196145,49.5219331778],[6.2371999658,49.521184202],[6.2370705446,49.5205167779],[6.2365257014,49.5198686105],[6.2354866487,49.5178107507],[6.234656606,49.5174891027],[6.2351323359,49.5166134733],[6.2372532571,49.5170125217],[6.2383306923,49.5168618472],[6.2406454082,49.5150224486],[6.2406510528,49.5149372089],[6.2415108108,49.5144483416],[6.2417657149,49.5140855375],[6.2417261846,49.5133525053],[6.2413350555,49.5126805779],[6.2416436704,49.5119650975],[6.2438872994,49.5118347442],[6.2451332857,49.511511408],[6.246403727,49.5091971204],[6.2469148095,49.5088943069],[6.2484145208,49.5085103755],[6.2491840927,49.5085586818],[6.2502354069,49.5088101432],[6.252269544,49.5089650039],[6.253942093,49.5095928108],[6.2562793817,49.5099669914],[6.2570611707,49.5097332012],[6.2574186745,49.5084219579],[6.2580484965,49.5075465442],[6.2590901249,49.5071254747],[6.2599359738,49.5070151437],[6.26111074,49.5072346776],[6.2619448402,49.5071406513],[6.2628171364,49.5064842981],[6.262691324,49.5060779294],[6.2623677669,49.5056605923],[6.2623516928,49.5050466707],[6.2630545111,49.5040984486],[6.2634266576,49.5039290518],[6.2666672255,49.5040269406],[6.2685092689,49.5043160809],[6.2703671031,49.5040349309],[6.2711996548,49.50456016],[6.2718565567,49.5047259402],[6.2741503989,49.504435514],[6.2746282339,49.5038163261],[6.2758848532,49.5036150541],[6.2767408955,49.5032724025],[6.2772724977,49.5035871105],[6.2798557228,49.503283447],[6.2799982586,49.5030862936],[6.2796422853,49.5026823791],[6.2804213018,49.5022429581],[6.2797394753,49.5018923382],[6.2798344331,49.5014363574],[6.2813322547,49.5010539785],[6.2815296864,49.5008469327],[6.2813867003,49.5006374267],[6.2808829997,49.5006129272],[6.2804538579,49.500395303],[6.2800522865,49.4992160711],[6.2794000744,49.4985936348],[6.2794559133,49.4978628047],[6.279063099,49.4973082855],[6.2794587808,49.4969919612],[6.2788802812,49.4963041293],[6.2794990514,49.4951833909],[6.2794981566,49.4946896589],[6.2814087586,49.4938728727],[6.2816663983,49.4934051124],[6.2820728926,49.4931585668],[6.284104176,49.4930001216],[6.2851559354,49.4931391817],[6.286411081,49.4936265573],[6.2874673833,49.4942989938],[6.2884140721,49.4944739454],[6.2889187494,49.4943261219],[6.2896147035,49.4937154706],[6.2896703577,49.493101017],[6.2889066743,49.4927739682],[6.2889411091,49.4918317454],[6.2885561852,49.4915224663],[6.2882780193,49.4914329447],[6.2872056415,49.4918991672],[6.2856474231,49.4921774318],[6.2843869178,49.491472979],[6.284754137,49.4902041743],[6.2854035568,49.4895416621],[6.286220657,49.4881462993],[6.2870729471,49.4878822022],[6.2884795947,49.4877008583],[6.2894778391,49.4870690033],[6.289471918,49.4863262018],[6.2890603743,49.4862910669],[6.288670004,49.486708579],[6.28810963,49.4866983406],[6.2875421873,49.4861520426],[6.2888428757,49.4848238872],[6.29022932,49.4846143917],[6.2912114499,49.4846793206],[6.2911189541,49.4849570859],[6.291520816,49.4852274967],[6.2917368535,49.4856673656],[6.2916556447,49.4868421979],[6.2922660014,49.4874939499],[6.2931864653,49.4875836004],[6.2936084059,49.4877704807],[6.2941333725,49.4871325111],[6.2953465308,49.4871252485],[6.296310063,49.487412525],[6.2982605263,49.488606997],[6.2987967616,49.488634369],[6.2992070309,49.4882676632],[6.2994802406,49.4877975343],[6.2990641118,49.4876092931],[6.2983878664,49.4866609961],[6.2981999934,49.4859695431],[6.2971755398,49.4846160035],[6.296477638,49.4831755049],[6.29570466,49.4827566207],[6.2952938476,49.4819709754],[6.2951238653,49.4813588983],[6.2962221032,49.4801943515],[6.2968121953,49.4800467486],[6.2976769476,49.4803509292],[6.2989733539,49.4803171004],[6.2992559658,49.4796539014],[6.3015442578,49.4791181061],[6.303331457,49.4783637403],[6.303874428,49.4778755247],[6.3042917398,49.4783227123],[6.305140219,49.4776714774],[6.3054401954,49.4771384619],[6.3061419726,49.4774327757],[6.3080212016,49.4789264882],[6.3129633636,49.4803968672],[6.3144316431,49.478032064],[6.3146015459,49.4770699587],[6.3161529313,49.4773759296],[6.3163132439,49.477830121],[6.317713278,49.4780557857],[6.3180711707,49.47773356],[6.3186511529,49.478025529],[6.3198251725,49.477495141],[6.3206498574,49.4774205289],[6.3215063602,49.4766784417],[6.3247004596,49.4747633779],[6.3244958907,49.4746772776],[6.3251038627,49.474005093],[6.3274445752,49.4723683045],[6.3283007761,49.4727324826],[6.3291174229,49.4716747121],[6.3298960645,49.4700624912],[6.332787755,49.4696334358],[6.3340247675,49.4669392082],[6.3379590985,49.4684482379],[6.3387501751,49.4686223424],[6.3400993983,49.4682270484],[6.3426743084,49.4690827865],[6.3458619742,49.4665347648],[6.3472522281,49.4658777598],[6.3487429671,49.4661680225],[6.3498970303,49.4669119384],[6.3528535113,49.4673171865],[6.356038425,49.4646185093],[6.3605455851,49.4614225996],[6.3644492384,49.4595053338],[6.3688512139,49.4598681469],[6.3678460557,49.4635199072],[6.3675026254,49.4655723116],[6.3677267646,49.4694169878],[6.3666792865,49.469598992],[6.3672638765,49.4724014469],[6.3672030134,49.4789207347],[6.3674519788,49.4831140566],[6.3687054446,49.4886379187],[6.3683130046,49.4904851598],[6.3670046265,49.4927697336],[6.3666609996,49.4937482086],[6.3666086679,49.4962414836],[6.3667784764,49.4990842305],[6.367293145,49.5015551431],[6.367311836,49.5038772171],[6.3665704822,49.5055416034],[6.3660490778,49.5079103704],[6.3612899594,49.5172963945],[6.3587326237,49.5227514143],[6.357108552,49.5270190841],[6.3560017708,49.529175738],[6.3557917787,49.5302093955],[6.3559853438,49.531373935],[6.3562420671,49.5319484628],[6.3583145483,49.5344910315],[6.3604014443,49.5366858694],[6.3616067193,49.5375887624],[6.3664169009,49.5403967625],[6.3699703738,49.5440663477],[6.3729469394,49.5460565454],[6.3769798943,49.5487153756],[6.3782605033,49.5497942456],[6.3809644338,49.5535495415],[6.3817340337,49.5561390639],[6.3815223786,49.5574495034],[6.380775284,49.5582960741],[6.3751760306,49.5614563711],[6.3673011407,49.5655235326],[6.3672617139,49.5656854492],[6.3584902069,49.5697128424],[6.3577259101,49.5703747219],[6.3568644013,49.5717786358],[6.3568028149,49.5728615849],[6.3573125872,49.5738139276],[6.3586802406,49.5752333853],[6.3597964554,49.5759931843],[6.3622463917,49.5772424628],[6.3660700187,49.578569061],[6.3680307928,49.5791656489],[6.3696814076,49.5793447073],[6.3718032619,49.5791101667],[6.3757632702,49.5772619549],[6.3783491852,49.5767261016],[6.37969873,49.5767580497],[6.3807092893,49.5769904072],[6.3814903995,49.5774592053],[6.382169564,49.5783876486],[6.3822904017,49.5796937082],[6.3815903254,49.5811140475],[6.3805172916,49.5819807537],[6.3768809661,49.584055304],[6.3748837013,49.5862158034],[6.3740235269,49.587950008],[6.3738873881,49.5900392481],[6.3744548471,49.5914807111],[6.3767774142,49.5940566515],[6.3805704952,49.5973680878],[6.3842745105,49.5996959649],[6.3859811126,49.6000725242],[6.3915104684,49.6002427428],[6.3939682909,49.6006284077],[6.3973225285,49.6016902821],[6.4000850554,49.6033927556],[6.4023828126,49.6054136708],[6.4037504834,49.6078098408],[6.4055006132,49.6096416505],[6.4075473125,49.6110970925],[6.4092356905,49.6128432976],[6.4129274037,49.6152463336],[6.4183715981,49.6174218562],[6.4190288521,49.6180569015],[6.4200550325,49.6195905437],[6.4211298609,49.6208406554],[6.4217144314,49.6219038879],[6.4225174201,49.6256158049],[6.424552569,49.6285935742],[6.4253176817,49.630262468],[6.4261091013,49.6329673102],[6.4276471228,49.6358837887],[6.4293387068,49.6385108291],[6.4308659791,49.6404066769],[6.434423756,49.6458898605],[6.4352630778,49.6478265332],[6.4388942947,49.6527329123],[6.43980534,49.6558018632],[6.4399463145,49.657187917],[6.4395123424,49.6581167047],[6.4388988068,49.65869068],[6.4374845063,49.6595711368],[6.4363795576,49.659974077],[6.4338924655,49.6601987608],[6.4304136175,49.6597738156],[6.4290679011,49.6597639285],[6.4278588186,49.6598993626],[6.426805945,49.6602400477],[6.4260002331,49.6607296993],[6.4252936368,49.6615759657],[6.4250880493,49.6627185241],[6.4252537417,49.6638143295],[6.4254396675,49.6643662549],[6.4271757046,49.6668111761],[6.4294222171,49.6684159005],[6.4298607657,49.6690590255],[6.4314413035,49.6704155229],[6.4342482824,49.6717743287],[6.4370710137,49.6726917463],[6.4393311183,49.6737276869],[6.440160483,49.6743482572],[6.4400729742,49.6744341469],[6.4432681529,49.6760426916],[6.4468810422,49.6786025202],[6.4495303511,49.6810852794],[6.4495050959,49.6812728014],[6.4506772656,49.6824127994],[6.4510389405,49.6825606322],[6.4522379835,49.6837349835],[6.4554023573,49.687207063],[6.4574508029,49.6905104627],[6.4610566062,49.6923492328],[6.4621559555,49.6926535853],[6.467501465,49.6932719088],[6.4694690703,49.6936900279],[6.474075988,49.6955188612],[6.4781180765,49.6966553007],[6.4796842412,49.6972515154],[6.481885186,49.6986549949],[6.4860382007,49.7024171557],[6.4903530731,49.7055454958],[6.4932637735,49.7081814649],[6.4981172161,49.7115743416],[6.5001077117,49.7125818548],[6.5039752801,49.7135544197],[6.5062625687,49.7135003205],[6.506413127,49.7152491781],[6.5060920284,49.7163129097],[6.500910478,49.7193136185],[6.4975099706,49.721729065],[6.4962558246,49.7225185784],[6.4954529697,49.7232752512],[6.4947733075,49.724334292],[6.4947215955,49.7250193518],[6.4951540803,49.7257933999],[6.495860676,49.7262858039],[6.4971255768,49.7268061139],[6.4988795956,49.72701052],[6.5006648105,49.7270877691],[6.5025655829,49.7269665071],[6.5051463211,49.726138368],[6.5058354039,49.7257088591],[6.5109512626,49.7212683963],[6.5144609376,49.7215476409],[6.5155462795,49.7220811453],[6.5171487933,49.7234681892],[6.5170158136,49.7240324071],[6.5158918767,49.7248802881],[6.5140615533,49.7254948858],[6.5110357839,49.7271279764],[6.5077538416,49.7281323637],[6.5057003871,49.7292032122],[6.5023022164,49.7317012251],[6.5018249376,49.7322902366],[6.5016047261,49.7331547658],[6.5014548524,49.7361203745],[6.5020739892,49.739571972],[6.5019290277,49.7419936552],[6.5015375971,49.7429528292],[6.5017238448,49.7443961899],[6.5023499982,49.7457864822],[6.5004267075,49.7481340014],[6.5001868448,49.748991677],[6.5002577507,49.7499788078],[6.500196213,49.7521215476],[6.5012228961,49.7535741764],[6.5024068575,49.7545214175],[6.5038570483,49.7552699947],[6.5052532549,49.7557725521],[6.512767965,49.7578259544],[6.5147955086,49.7588525456],[6.5177284463,49.7612089542],[6.518167489,49.7623515955],[6.5174905653,49.7656389858],[6.5179156216,49.7675125034],[6.5174402042,49.7685323991],[6.5165236072,49.7695516366],[6.5136733232,49.7715921817],[6.5129459492,49.7720595999],[6.509817195,49.7734478258],[6.5095734824,49.7737982152],[6.5097233222,49.7752150056],[6.5103422116,49.7766945296],[6.5107602228,49.7772018538],[6.5149422568,49.7803694132],[6.516367711,49.7816682929],[6.5169003252,49.7825769024],[6.5161886585,49.7835928996],[6.5149240146,49.7842791176],[6.513108942,49.784977557],[6.5106091569,49.7855732297],[6.5074341837,49.7869416006],[6.5060338533,49.7880582098],[6.5055784461,49.789303761],[6.5058287492,49.7902540621],[6.5073258808,49.7919431475],[6.5107579228,49.7931881408],[6.5141817362,49.7940109597],[6.5172644469,49.7954368811],[6.5201158502,49.7964085924],[6.5214173906,49.7972897509],[6.5230031346,49.7992533791],[6.5260743708,49.8020403512],[6.5296741394,49.8041229009],[6.5306401277,49.8051481273],[6.530897832,49.8060065446],[6.5300923487,49.8069896517],[6.529404649,49.809243547],[6.5269172302,49.8110176191],[6.5241191024,49.8122023719],[6.5213170302,49.8131127622],[6.5202309898,49.812904155],[6.5192475756,49.8121702763],[6.5186554172,49.8110486207],[6.5184102874,49.8099030744],[6.51852807,49.8086281393],[6.5166612709,49.8052054141],[6.5148064275,49.8031110642],[6.5135387961,49.8020404851],[6.5122721708,49.8014573485],[6.5111280207,49.8013781965],[6.5103012341,49.8016098027],[6.5094577024,49.8024445415],[6.5077476837,49.8060919548],[6.5063389536,49.8082514485],[6.5054134864,49.8091370052],[6.5044775774,49.8094604133],[6.5012187928,49.809966983],[6.4988694733,49.8107742986],[6.4957056166,49.8122355875],[6.4948208395,49.8120632224],[6.4934864691,49.811245775],[6.4930310778,49.8111248723],[6.4908647413,49.8112135576],[6.4886484055,49.8116122869],[6.4845088165,49.813451855],[6.4839105503,49.8140073906],[6.4812969127,49.8176430153],[6.4798489575,49.8187971549],[6.4725657898,49.8219953207],[6.4709859011,49.8223226604],[6.4696252559,49.8220662885],[6.4663735449,49.8201860611],[6.4639807144,49.8193167795],[6.4609294288,49.817055498],[6.4568013123,49.812821349],[6.4545668803,49.8114410921],[6.4536291485,49.811284988],[6.4519151162,49.8113375451],[6.4509489262,49.8112691755],[6.4471979227,49.8116239722],[6.444156556,49.8113463909],[6.4434036957,49.8114047748],[6.4424605792,49.8121374501],[6.441963803,49.8130123272],[6.4418406621,49.8139725652],[6.4413541348,49.8141852411],[6.4372448678,49.813370009],[6.4347135918,49.8122198994],[6.4322502112,49.8105666391],[6.4312923905,49.8102564075],[6.4303013086,49.8103717375],[6.4282653976,49.8110452313],[6.4267279909,49.8120494479],[6.4259012773,49.8133555679],[6.4257153594,49.8155489485],[6.4251953586,49.8159240301],[6.4200474097,49.8159923931],[6.4146348968,49.8167979876],[6.4088325994,49.8177550421],[6.405126375,49.8190724274],[6.4025802686,49.8193984583],[6.4013004587,49.819960918],[6.3982929304,49.8215849435],[6.3968735736,49.8225404261],[6.3940715087,49.8258338172],[6.3923610368,49.8275234431],[6.3888042635,49.8294366161],[6.38781871,49.8303989691],[6.3845041838,49.8326426919],[6.3822666092,49.8355210354],[6.3805789087,49.8368163904],[6.3789585237,49.8376658499],[6.3772597795,49.8392669394],[6.3767358653,49.8400978146],[6.3725838151,49.8422465029],[6.3709552136,49.844479048],[6.3678747157,49.8476477873],[6.3664093667,49.8495236577],[6.3639433561,49.8507165475],[6.3628418569,49.8507628432],[6.3607048292,49.8505834613],[6.3571580695,49.8506778664],[6.3499693508,49.8503963272],[6.3434814236,49.849247148],[6.3410761811,49.8484936698],[6.3403813239,49.8480733277],[6.3398721651,49.8474383772],[6.3381764837,49.8407395083],[6.3370423818,49.8391238116],[6.3352312931,49.8378441861],[6.333581034,49.8371521733],[6.3297922774,49.8360454501],[6.3276133288,49.8358942149],[6.3260769915,49.8362377057],[6.3216033186,49.8384836093],[6.3214215335,49.838453373],[6.3200286765,49.8398745712],[6.3197139677,49.8406777605],[6.3198254782,49.8419597697],[6.3195568038,49.8432118004],[6.3199177228,49.8438323092],[6.3200912715,49.8450757557],[6.3215599502,49.8469345929],[6.3225713511,49.8507546119],[6.3225473635,49.8515132734],[6.3219920264,49.852388175],[6.3212596887,49.8530162467],[6.3174928783,49.855390589],[6.3141331751,49.8598819965],[6.3074511818,49.8572508331],[6.3092183385,49.8549265394],[6.3097537678,49.8539178895],[6.3096634038,49.8525631133],[6.3104456329,49.8501079325],[6.3103966386,49.8477939481],[6.3083629024,49.8477556606],[6.3067329286,49.8475016343],[6.3056335265,49.8467516858],[6.3053773186,49.8463689274],[6.3049471972,49.8462699129],[6.3026982167,49.8468072452],[6.2997616854,49.8482998845],[6.2982010664,49.8485408092],[6.2970251278,49.848489231],[6.2960689276,49.8481066225],[6.2933345302,49.8474763293],[6.2920876328,49.8476525649],[6.289526166,49.8477121345],[6.2870882326,49.8471434881],[6.2860819156,49.8470435146],[6.2791091034,49.8478586405],[6.2769141602,49.8483241964],[6.2694987509,49.8492090731],[6.2686778515,49.8485363333],[6.2667849648,49.8474212302],[6.2669692862,49.847265336],[6.2627790314,49.845028202],[6.2663201708,49.8418219811],[6.268422372,49.8412282389],[6.2714555522,49.8410856837],[6.254675073,49.8301312436],[6.2556911509,49.8234816965],[6.2601909059,49.8223011877],[6.2657778068,49.8211332145],[6.2697544579,49.8210498197],[6.270191809,49.8213160684],[6.2704287614,49.8212734756],[6.269738751,49.8207190487],[6.2698159727,49.8199243576],[6.2692626592,49.8194719318],[6.2692101218,49.819116118],[6.2685890316,49.8184797543],[6.2688603228,49.8173168961],[6.2687574099,49.8168428448],[6.2690169611,49.8167597141],[6.2684964685,49.8162536801],[6.2675198606,49.8157722961],[6.2674884543,49.8155146773],[6.2666228098,49.8151170638],[6.2644702788,49.8152876092],[6.2636328639,49.8151672043],[6.2644830472,49.8139978489],[6.2644973304,49.813498782],[6.2638730575,49.8128854023],[6.2623986051,49.8123440076],[6.2629960999,49.8116656715],[6.2635455211,49.8117083624],[6.2637100466,49.8113230915],[6.2575810159,49.810369382],[6.2577072816,49.8101334127],[6.2544694171,49.8105146463],[6.2543812736,49.8106665833],[6.2527495025,49.8102829346],[6.2545454845,49.8084927174],[6.2584855709,49.8028397925],[6.2569240429,49.8021340908],[6.2557627337,49.8011536666],[6.2542002258,49.8003758592],[6.2543882275,49.7999406127],[6.2448945506,49.7964213798],[6.2446336429,49.7957856234],[6.2443350354,49.7930780261],[6.245271037,49.7922950272],[6.2512157284,49.7883318697],[6.2505609868,49.7880543402],[6.2519790921,49.7858029598],[6.2516433628,49.7857286628],[6.2514163359,49.7860635078],[6.2485742648,49.7853785475],[6.2451577983,49.7840497553],[6.2432436207,49.7836318251],[6.2424679111,49.7835900031],[6.2422929544,49.7837611293],[6.2385097137,49.7831478333],[6.2366575067,49.7828694542],[6.236848796,49.7823695086],[6.2374314602,49.7810831584],[6.2400989614,49.7813501995],[6.2425727949,49.7819829045],[6.2429819214,49.7812907917],[6.2428022161,49.7812322985],[6.2440134609,49.7800915217],[6.2459331466,49.7808631851],[6.2462834662,49.7804585343],[6.2479390226,49.7808665433],[6.2482656179,49.7804996281],[6.2477309163,49.7803709748],[6.25122201,49.7768511216],[6.2528977603,49.7776164003],[6.2536498488,49.7782036204],[6.2539135213,49.7787651019],[6.2552183877,49.7785552723],[6.2567712803,49.7771248605],[6.2593624663,49.7781991196],[6.2628175684,49.7787891969],[6.2636700628,49.776975031],[6.2632698495,49.7769377462],[6.2633572907,49.7766652272],[6.261329381,49.7764077338],[6.2627662606,49.7740271842],[6.2629318988,49.7740638736],[6.2632978508,49.7735241349],[6.2646683225,49.7704880098],[6.2645170576,49.7704417806],[6.2646139346,49.7699619077],[6.2631966342,49.7700734069],[6.2630986102,49.7687123149],[6.2647492933,49.7684187736],[6.2648839597,49.7687943838],[6.2672667472,49.7696494305],[6.2674667109,49.7694342348],[6.2665059716,49.7690995271],[6.266596976,49.7689832526],[6.2674324701,49.7690999163],[6.267644065,49.7688989695],[6.2682697137,49.7687541689],[6.2687217291,49.7689999946],[6.2717978321,49.7697544784],[6.2752262755,49.7702442963],[6.2758005938,49.7691715222],[6.2767044285,49.7692225483],[6.2773252035,49.7678922272],[6.2786840567,49.7682124374],[6.2795370197,49.7669673738],[6.2794425497,49.7666978594],[6.2779697161,49.7660414317],[6.2750409767,49.7641964668],[6.2756543468,49.7632135276],[6.2771358457,49.7630579939],[6.2774449665,49.763244897],[6.2777635364,49.7632157961],[6.2788189143,49.7629412763],[6.2790320481,49.7625363335],[6.2788411534,49.7621208475],[6.2783046021,49.7620468567],[6.2781200778,49.761433027],[6.2773826452,49.7608124505],[6.2773190314,49.7601845058],[6.2756207518,49.7583240826],[6.2731441265,49.7575708607],[6.2724831015,49.757494619],[6.2723824606,49.7567579165],[6.2724756183,49.7556339401],[6.2714523471,49.7546699661],[6.2718682176,49.7539464449],[6.2718961428,49.752994386],[6.2694650636,49.7505282727],[6.2660609363,49.7481266953],[6.2654803746,49.7471777619],[6.2657275351,49.7467614044],[6.2656159221,49.7465955203],[6.2651221837,49.7464996832],[6.2652113404,49.7461053436],[6.2647693612,49.7454770176],[6.2652573001,49.7447728694],[6.2649034347,49.744296962],[6.2643345954,49.7442515333],[6.2633577573,49.7448522137],[6.2615590105,49.7454273679],[6.2550208481,49.7450640829],[6.2550158862,49.7451899578],[6.2514146295,49.7450805248],[6.2501631891,49.7452017154],[6.2490798791,49.7456059836],[6.2475519695,49.7458384672],[6.2413634848,49.7461315481],[6.2372484631,49.7470445249],[6.2353630604,49.7473196435],[6.2308409201,49.7476420984],[6.2306470379,49.7475542748],[6.2291125379,49.7484385575],[6.2276430935,49.74970787],[6.2274665194,49.7486402613],[6.2259801514,49.7468417166],[6.2262856259,49.7464550833],[6.2258062361,49.7456387113],[6.2253015392,49.7422870002],[6.2230261197,49.7393183145],[6.2225588406,49.7375135903],[6.2219834308,49.7364178219],[6.2214328011,49.7353157993],[6.2208715797,49.7353542355],[6.2207602163,49.7347480639],[6.22011198,49.7338506296],[6.2187925873,49.7328074456],[6.2173988986,49.7322565434],[6.2162023996,49.7312649015],[6.2139486313,49.7299117713],[6.2140266453,49.729372201],[6.2136132425,49.7288268855],[6.2120780242,49.7284014245],[6.2105296877,49.7282915975],[6.2084252901,49.727881449],[6.2056741064,49.7265004613],[6.2062452494,49.7254045051],[6.2041978911,49.7243222413],[6.2044451036,49.7238026903],[6.2019464725,49.7232644485],[6.2019014249,49.7226173115],[6.2025795639,49.7219144194],[6.2030644631,49.7210211306],[6.2017949465,49.7208610842],[6.1988174853,49.7198727188],[6.1959462942,49.7197018676],[6.1894508748,49.7168414608],[6.1848932457,49.7145831636],[6.1865108019,49.7135281183],[6.1867989497,49.7128942067],[6.186907807,49.7114210749],[6.1870642346,49.7110556873],[6.18678727,49.7101902038],[6.1867934549,49.7093310646],[6.1860199753,49.7084615172],[6.1859256084,49.7080435749],[6.1861390378,49.707206699],[6.1872295672,49.7061839504],[6.1857331767,49.7049433359],[6.1848890231,49.7023354276],[6.1837773466,49.7015173969],[6.185261881,49.699611005],[6.1849392023,49.6991277511],[6.184970229,49.6987606314],[6.1845584307,49.6987424873],[6.1835947101,49.6979610789],[6.1831024988,49.6978205483],[6.1825831699,49.6973902527],[6.1821063912,49.6972846633],[6.1810148194,49.6971909249],[6.1790723862,49.6961688427],[6.1829148977,49.6931133873],[6.1809756504,49.6917978287],[6.1811839675,49.691160252],[6.1808888676,49.6906769018],[6.1797915107,49.6900314813],[6.1790770815,49.69057421],[6.1778943954,49.6899328081],[6.1771495505,49.6892352723],[6.1755900271,49.6895525577],[6.1734338362,49.6893363731],[6.1710523557,49.6882891471],[6.1679982839,49.6874456658],[6.1669980783,49.6869171483],[6.1690309889,49.6859514597],[6.169297752,49.6860200196],[6.173218102,49.6855356248],[6.1748559001,49.6866961613],[6.1785509682,49.6867069623],[6.1798655489,49.6865239427],[6.178963857,49.6847233796],[6.1799513552,49.6843970499],[6.1796854979,49.6836135052],[6.1803313443,49.6836615172],[6.1810496039,49.6843759842],[6.1877642926,49.6844874094],[6.190565291,49.6842352417],[6.1937200756,49.6827113267],[6.1986017921,49.6847524762],[6.1980784294,49.6856732384],[6.1966917496,49.6863736657],[6.1962752677,49.6879082086],[6.19814686,49.6882750552],[6.2043286888,49.6881133454],[6.2120151306,49.6890626263],[6.213098653,49.6884349894],[6.2144769834,49.6866237168],[6.2141994302,49.6857240762],[6.2147496015,49.6850241901],[6.2148056729,49.6849576525],[6.214953044,49.6847854794],[6.2233439618,49.6855745418],[6.2229647412,49.6845250842],[6.2238253557,49.6843896236],[6.2235742751,49.6835133055],[6.2242984391,49.683428958],[6.2252839622,49.6850251414],[6.226442551,49.685252123],[6.229331656,49.6851450385],[6.2317526454,49.6848498387],[6.232815056,49.6851239672],[6.2342725888,49.6852403197],[6.2354507872,49.6837217902],[6.2374706292,49.6833842244],[6.2411947168,49.6841831642],[6.2411335222,49.6839629086],[6.2452988523,49.6849458999],[6.2474080887,49.6852851143],[6.2487044186,49.685759998],[6.2492551199,49.6852080364],[6.2494423737,49.6846152514],[6.2521287377,49.6846886386],[6.2527806225,49.6851280649],[6.2530353589,49.685125278],[6.2532885546,49.6848698838],[6.2555350878,49.6855380943],[6.2560429437,49.68527421],[6.2568718639,49.6856097405],[6.2575431461,49.6862868078],[6.2587772515,49.6857713264],[6.2599839531,49.6849451377],[6.2608021043,49.6847415462],[6.2611442761,49.6844500814],[6.26217644,49.6840979297],[6.2638638564,49.6843935118],[6.2638340211,49.6841204835],[6.2645395048,49.6837675309],[6.2659519993,49.6821339225],[6.2673871771,49.6810121372],[6.2677768458,49.6779496896],[6.2687056758,49.6761082626],[6.2700238461,49.6779041018],[6.2713418349,49.6771231617],[6.2712050479,49.6769630847],[6.2724148966,49.6750517584],[6.2743055769,49.6755825206],[6.2741032038,49.6760010631],[6.2779306897,49.6778996717],[6.2784628463,49.6759131351],[6.2785084642,49.6733362625],[6.2788814575,49.6716841032],[6.2786337493,49.6692436336],[6.2773310838,49.6690141639],[6.279777146,49.6646285252],[6.2803726963,49.6645927004],[6.2812982389,49.6648677416],[6.2821712983,49.6647273301],[6.2833656688,49.6650117798],[6.2836655186,49.6647860853],[6.2845241136,49.66463044],[6.2864023449,49.6647808642],[6.2856400978,49.6633981685],[6.2855492099,49.6594248935],[6.280231009,49.6587626208],[6.2811728406,49.6571347352],[6.2820503372,49.6572435487],[6.2816602252,49.65484635],[6.2817324386,49.6531075487],[6.2840414673,49.6513416156],[6.2869530467,49.6505514576],[6.289180153,49.6497340414],[6.289444764,49.649004516],[6.2890220333,49.6488420455],[6.2895992735,49.6481991778],[6.2885875409,49.6479187992],[6.2895127734,49.6472823995],[6.2898418469,49.64716935],[6.290058785,49.6472748446],[6.2890851681,49.646503641],[6.2897626855,49.6455476017],[6.2902097217,49.6440737178],[6.2900987567,49.6426084453],[6.2902934946,49.6406321884],[6.2926695128,49.6385034565],[6.2934328489,49.6386940624],[6.2939186392,49.6380465693],[6.2954670558,49.6382936444],[6.2957251883,49.6370762967],[6.2955633158,49.6363558056],[6.3006874669,49.6372316567],[6.3015413187,49.6375605746],[6.3020291868,49.636981628],[6.3026640269,49.637288306],[6.3026033752,49.6367133959],[6.3031724001,49.6366364677]],[[6.3915333762,49.6805231205],[6.3917354754,49.6804527792],[6.3915333749,49.68052312],[6.3914593981,49.6805004795],[6.3915333762,49.6805231205]],[[6.2701179786,49.5563860244],[6.2700981713,49.5563668614],[6.2700946701,49.5563805051],[6.2701179786,49.5563860244]]]},"properties":{"CIRCONSCRIPTION":"Est"}}
]}